M_X_GeV,"H(0,0)","H(1,0)","H(1,1)","H(2,0)","H(2,1)","H(2,2)","H(3,0)","H(3,1)","H(3,2)","H(3,3)","H(4,0)","H(4,1)","H(4,2)","H(4,3)","H(4,4)"
0.3,0.06952032038366399,-0.004992186986318631,-0.004751588790151588,-0.0007138218757962565,0.0011770655756522812,0.00018854327793749946,-3.301275815275729e-05,1.2390986308836021e-05,-2.686548412354023e-06,4.0600623495049375e-06,4.599831786480485e-07,-2.0426438261470564e-06,-6.6970494159132e-07,0.0,0.0
0.3046822742474916,0.06979078791848513,-0.006059864548501536,-0.005854886668230442,-0.00085997038428394,0.0014414761929118225,0.00024240119058851437,-4.438245533481643e-05,1.706876972903981e-05,-3.719123068663016e-06,5.4679585955896085e-06,6.819249182214378e-07,-3.0889507183241406e-06,-1.0146859714837632e-06,0.0,0.0
0.3093645484949833,0.07016930592377858,-0.007093881283541324,-0.00692921227411336,-0.0010036413452127917,0.0017073072552525922,0.00029932190121084024,-5.6785785962585765e-05,2.2285665162353563e-05,-4.8975583604248625e-06,6.992951374550149e-06,9.42736493532543e-07,-4.3650311771462805e-06,-1.436956030605229e-06,0.0,0.0
0.3140468227424749,0.0706461589396167,-0.008098575463265447,-0.007977408359092306,-0.0011453067675303277,0.001974758321244108,0.00035907497294591754,-7.014014068671045e-05,2.8011015324766236e-05,-6.2240411258412545e-06,8.618423010040837e-06,1.239384971235215e-06,-5.877476214709029e-06,-1.939453170010269e-06,0.0,0.0
0.31872909698996654,0.0712131938023524,-0.009078204993735801,-0.00900282499373037,-0.0012853367508111411,0.0022440223067016853,0.00042150233299060235,-8.43800979726827e-05,3.422260758530685e-05,-7.701918792936223e-06,1.0330135712979823e-05,1.5684318805302675e-06,-7.632900879065864e-06,-2.5252268604029577e-06,0.0,0.0
0.32341137123745817,0.07186354907242391,-0.010036783586746334,-0.010008909345747663,-0.0014240316410078534,0.002515293447366342,0.0004864994820043794,-9.945173695876041e-05,4.0904201245350123e-05,-9.335313247685079e-06,1.2115533668418132e-05,1.9260495849597677e-06,-9.637962670078587e-06,-3.1974453790390063e-06,0.0,0.0
0.3280936454849498,0.07259143936235182,-0.010978033371882917,-0.010999027427095335,-0.0015616424899664385,0.002788772059391069,0.000554003282617715,-0.00011530924212923711,4.804389690953198e-05,-1.1128894882826742e-05,1.3963309100486051e-05,2.3080302435779957e-06,-1.1899377862346128e-05,-3.959403689933236e-06,0.0,0.0
0.33277591973244147,0.07339198220027064,-0.011905385316057254,-0.011976389741495697,-0.0016983848064464435,0.0030646675964155342,0.000623983622110958,-0.0001319127530712286,5.56329974609619e-05,-1.3087744960580913e-05,1.58631134935455e-05,2.709788871510212e-06,-1.4423936342252406e-05,-4.8145318025855075e-06,0.0,0.0
0.3374581939799331,0.0742610580348292,-0.01282199905995978,-0.012944026005768603,-0.0018344481992573526,0.003343200754417688,0.0006964375152054866,-0.00014922694005662645,6.366517441521095e-05,-1.5217270371955815e-05,1.7805354428641587e-05,3.1263614510337147e-06,-1.7218515343689753e-05,-5.766403599500585e-06,0.0,0.0
0.3421404682274247,0.07519519624477485,-0.013730789681994674,-0.013904783527184234,-0.001970003379386995,0.0036246050296788227,0.0007713848235679829,-0.00016722002686133264,7.213583256589933e-05,-1.7523151363295495e-05,1.9781045691577088e-05,3.5523987074360968e-06,-2.0290092336041046e-05,-6.818746127535455e-06,0.0,0.0
0.3468227424749164,0.07619148170433573,-0.014634455747820449,-0.014861336793385404,-0.0021052074003489354,0.0039091279616066356,0.0008488650895149028,-0.00018586310196005897,8.104160747075504e-05,-2.0011311056759365e-05,2.1781691928535068e-05,3.982155946926638e-06,-2.364575723627248e-05,-7.975449352613831e-06,0.0,0.0
0.351505016722408,0.07724747771621371,-0.01553550613021734,-0.01581620196778869,-0.002240207689931946,0.004197032199419566,0.0009289351621863984,-0.0002051296229814372,9.037995378060392e-05,-2.2687900022396002e-05,2.3799196431484258e-05,4.4094792056992415e-06,-2.7292724063382225e-05,-9.24057638164726e-06,0.0,0.0
0.35618729096989965,0.07836116206992698,-0.016436284564088164,-0.01677175303953521,-0.002375145235543589,0.004488596479669495,0.0010116674021206596,-0.00022499505516872988,0.0001001487963620044,-2.5559291675992838e-05,2.582578477906345e-05,4.8277878523505956e-06,-3.1238342116622834e-05,-1.0618374159633437e-05,0.0,0.0
0.3608695652173913,0.07953087369770347,-0.017338991612123388,-0.017730237957372802,-0.002510157168414718,0.004784116571246242,0.0010971483172261686,-0.0002454366057068991,0.00011034622483258335,-2.8632085775599032e-05,2.7853939518204736e-05,5.230053704511616e-06,-3.549010673239094e-05,-1.2113284653894711e-05,0.0,0.0
0.3655518394648829,0.08075526794375953,-0.01824570405370654,-0.018693793914996617,-0.0026453789177020848,0.005083906226279533,0.0011854775265023626,-0.00026643302869978636,0.0001209702177145384,-3.191311821948096e-05,2.9876342588141114e-05,5.608776655288907e-06,-4.005566965459425e-05,-1.3729956541303742e-05,0.0,0.0
0.3702341137123746,0.08203327887965645,-0.01915839186069017,-0.019664461405968326,-0.0027809460569578398,0.0053882981641487065,0.0012767669767595,-0.0002879644837575533,0.0001320183861239417,-3.5409475946540696e-05,3.188582315321165e-05,5.95595674997078e-06,-4.4942849037218926e-05,-1.5473257418137837e-05,0.0,0.0
0.3749163879598662,0.08336408742056642,-0.020078932981263394,-0.02064419690866203,-0.0029169959328471866,0.005697645108818455,0.0013711403573604293,-0.0003100124364800559,0.00014348772944649307,-3.9128516138224535e-05,3.3875309140723284e-05,6.263062604509413e-06,-5.015963908415216e-05,-1.7348286555930806e-05,0.0,0.0
0.37959866220735783,0.08474709424819328,-0.021009126164173293,-0.021634884189762504,-0.0030536691436675836,0.006012320895330691,0.001468732671835055,-0.00033255959268027504,0.0001553743972204447,-4.307788919428604e-05,3.583778119976426e-05,6.520996011848762e-06,-5.571421931896696e-05,-1.9360388230362816e-05,0.0,0.0
0.3842809364548495,0.08618189674308868,-0.02195070204428064,-0.022638344279450308,-0.00319111091965903,0.0063327216585483325,0.0015696899350749944,-0.00035558986062405804,0.0001676734527125943,-4.726556514853789e-05,3.776622808056363e-05,6.720052538287597e-06,-6.16149634655747e-05,-2.1515165653859302e-05,0.0,0.0
0.38896321070234113,0.08766826928505908,-0.022905332689441775,-0.023656344200634213,-0.0033294724460952944,0.006659267115592859,0.0016741689719594955,-0.000379088337258103,0.0001803786345984522,-5.1699863332693144e-05,3.965360262728073e-05,6.849877868277777e-06,-6.787044790879741e-05,-2.3818495546163086e-05,0.0,0.0
0.39364548494983276,0.08920614640489266,-0.023874639784543236,-0.024690604544242184,-0.003468912162289605,0.006992401952488016,0.0017823372985186882,-0.0004030413156006044,0.00019348211385139698,-5.6389485204110944e-05,4.149277770864314e-05,6.89941961118129e-06,-7.448945969152681e-05,-2.6276543380705442e-05,0.0,0.0
0.3983277591973244,0.0907956083710227,-0.024860201604489176,-0.025742805981677722,-0.003609597063996889,0.007332597325095086,0.0018943730706602437,-0.00042743631133336545,0.00020697424348099582,-6.134355033817244e-05,4.327650149902745e-05,6.856874236546441e-06,-8.148100399180443e-05,-2.8895779348126406e-05,0.0,0.0
0.403010033444816,0.09243686887650586,-0.025863558905642934,-0.02681459479927289,-0.0037517040326145177,0.007680352484359565,0.0020104650884503004,-0.000452262107261049,0.00022084329918834107,-6.65716356557402e-05,4.499735157943813e-05,6.709628754510647e-06,-8.885431100849077e-05,-3.168299508177697e-05,0.0,0.0
0.4076923076923077,0.09413026455906434,-0.026886219845333924,-0.027907587530906667,-0.0038954212116390123,0.00803619653609488,0.002130812846215493,-0.00047750881475872877,0.00023507520936212972,-7.208381801594076e-05,4.664768736135056e-05,6.444196704140004e-06,-9.661884216781075e-05,-3.4645321193458025e-05,0.0,0.0
0.4123745819397993,0.09587624614319722,-0.027929664021764517,-0.029023374755627798,-0.004040949448722595,0.008400690345950373,0.002255626620510973,-0.0005031679516568444,0.0002496532731494165,-7.789072035804887e-05,4.821960035186302e-05,6.046147954018498e-06,-0.00010478429554457546,-3.779024567099336e-05,0.0,0.0
0.41705685618729094,0.09767537104104244,-0.02899534571195978,-0.030163524118098133,-0.004188503820172813,0.00877442860081413,0.002385127589419374,-0.0005292325362420392,0.00026455786561888555,-8.40035616262373e-05,4.9704861779575974e-05,5.500031755322816e-06,-0.00011336061037086094,-4.112563319246125e-05,0.0,0.0
0.4217391304347826,0.09952829728978332,-0.030084696373164677,-0.03132958262150697,-0.004338315253693345,0.009158042038667132,0.0025195479778125766,-0.000555697197202225,0.0002797661293069576,-9.043421075942664e-05,5.109486708940386e-05,4.78929241702136e-06,-0.00012235797048090364,-4.4659745414977194e-05,0.0,0.0
0.42642140468227424,0.1014357787395046,-0.03119912646314203,-0.032523078235600765,-0.004490632264458553,0.009552199859828012,0.0026591312242038837,-0.0005825582994266254,0.0002952516517094786,-9.719524507702872e-05,5.238057679255902e-05,3.896176894702324e-06,-0.00013178680651343004,-4.840126229877509e-05,0.0,0.0
0.43110367892976587,0.10339866143778675,-0.03234002662699861,-0.03374552085678952,-0.004645722819160769,0.009957612333606354,0.002804132165706883,-0.0006098140855935748,0.00031098412856316417,-0.00010430001344134953,5.355245312605761e-05,2.801633497743446e-06,-0.00014165779666095335,-5.235930452989284e-05,0.0,0.0
0.4357859531772575,0.10541788118698443,-0.033508768292323174,-0.03499840265302014,-0.00480387634240119,0.010375033615626835,0.00295481723845326,-0.000637464833444118,0.00032692901305842397,-0.00011176270462996473,5.460039193460663e-05,1.4852008228304563e-06,-0.00015198186571907006,-5.65434571069432e-05,0.0,0.0
0.4404682274247491,0.10749446227787961,-0.034706703710446755,-0.03628319782330361,-0.004965405879661615,0.010805264792509236,0.0031114646916510307,-0.0006655130285487832,0.000343047151444078,-0.00011959842140754292,5.5513649136601915e-05,-7.511408617632202e-08,-0.00016277018214664918,-6.09637941591138e-05,0.0,0.0
0.4451505016722408,0.10962951742988815,-0.03593516547944501,-0.037601361800478114,-0.005130650431054389,0.011249157172211229,0.003274364814328197,-0.000693963552227092,0.00035929440582869435,-0.000127823260847386,5.628076107483208e-05,-1.90296947293948e-06,-0.00017403415279910423,-6.563090506354655e-05,0.0,0.0
0.4498327759197324,0.11182424899375401,-0.03719546558403336,-0.03895432992602098,-0.005299977470070618,0.011707615840185674,0.003443820174742905,-0.0007228238840718308,0.00037562126535522746,-0.000136454401519376,5.6889457980694245e-05,-4.023835754393498e-06,-0.00018578541494056696,-7.05559219303997e-05,0.0,0.0
0.45451505016722404,0.11407995149810929,-0.03848889398872325,-0.0403435156275136,-0.0054737856616071685,0.012181603503603537,0.0036201458734853834,-0.000752104318258732,0.00039197244732617375,-0.00014551019823411148,5.7326569697371485e-05,-6.465156966331492e-06,-0.00019803582507547235,-7.575054852296735e-05,0.0,0.0
0.4591973244147157,0.11639801564672593,-0.03981671682348223,-0.041770308132747555,-0.005652507793633803,0.012672144648284487,0.003803669812484557,-0.0007818181924823203,0.00040828649028461586,-0.0001550102851138496,5.757792271132233e-05,-9.25652834892083e-06,-0.0002107974440643147,-8.122709067792911e-05,0.0,0.0
0.46387959866220735,0.11877993389899388,-0.04118017420565877,-0.04323606975946133,-0.005836613936949957,0.01318033003570074,0.00399473298349667,-0.0008119821279446429,0.0004244953415095119,-0.0001649756878506388,5.7628227431151316e-05,-1.2429891845184145e-05,-0.00022408251790038,-8.699848828676527e-05,0.0,0.0
0.468561872909699,0.1212273077922787,-0.042580477748076453,-0.04474213282633021,-0.006026614847570683,0.013707321570528242,0.004193689781228298,-0.0008426162783295392,0.00044052394185625055,-0.00017542894611199776,5.746095452672329e-05,-1.6019751503065307e-05,-0.00023790345342204964,-9.307834889316519e-05,0.0,0.0
0.4732441471571906,0.12374185719144333,-0.04401880781094231,-0.046289796239096875,-0.006223065626372887,0.014254357572765981,0.0044009083480635635,-0.0008737445851147598,0.00045628981135829004,-0.00018639424716605525,5.7058198997223534e-05,-2.006341101730706e-05,-0.0002522727881163448,-9.948098295232726e-05,0.0,0.0
0.4779264214046822,0.12632543167798885,-0.04549631056450979,-0.0478803218156007,-0.006426569650734656,0.014822758492497319,0.004616770959457001,-0.0009053950359015627,0.0004717026394922276,-0.00019789757192280414,5.640053047235482e-05,-2.4601235924912846e-05,-0.0002672031530309235,-0.00010622144078574133,0.0,0.0
0.4826086956521739,0.12898002431893046,-0.047014094940206475,-0.04951493042487704,-0.006637782793027067,0.015413933109994327,0.0048416744614470635,-0.0009375999216702483,0.00048666388448350177,-0.00020996685472770432,5.546682806323175e-05,-2.96769432818466e-05,-0.00028270722765032436,-0.0001133155512485269,0.0,0.0
0.4872909698996655,0.13170778808357347,-0.048573229560069264,-0.05119479802834343,-0.006857417940994795,0.016029385269149776,0.005076030774467773,-0.0009703960879949192,0.0005010663864762845,-0.00022263215840024356,5.4234097865560934e-05,-3.533792200390593e-05,-0.00029879768540393956,-0.00012077996210467259,0.0,0.0
0.49197324414715715,0.13451105520463533,-0.05017473974765817,-0.05292105172520356,-0.007086249835325339,0.016670721198248143,0.00532026748070779,-0.00100382517426652,0.0005147939997889644,-0.00023592586618533846,5.2677270973705074e-05,-4.1635587457125036e-05,-0.0003154871282532775,-0.00012863218207735666,0.0,0.0
0.49665551839464883,0.13739235980842956,-0.05181960473790704,-0.05469476591933628,-0.007325120240101999,0.017339657478949846,0.005574828515703675,-0.0010379338338752874,0.0005277212498020951,-0.0002498828924819311,5.076897958591877e-05,-4.8625774339157e-05,-0.00033278800854897765,-0.00013689062450538845,0.0,0.0
0.5013377926421405,0.1403544641668413,-0.053508755218322164,-0.056516958740780415,-0.007574943462423593,0.018038029732163705,0.005840174988665013,-0.0010727739270884498,0.0005397130202520556,-0.0002645409144334654,4.847930846355756e-05,-5.63691724102668e-05,-0.0003507125360472202,-0.00014557465249085904,0.0,0.0
0.5060200668896321,0.14340038895125326,-0.055243071349157805,-0.058388588871050806,-0.00783671223832483,0.018767802098325695,0.00611678616021272,-0.0011084026770229014,0.0005506242768007897,-0.00027994062671187804,4.5775518644750114e-05,-6.493181021927251e-05,-0.0003692725676228551,-0.00015470462536503333,0.0,0.0
0.5107023411371236,0.14653344789510866,-0.05702338142521099,-0.0603105529374135,-0.008111504003330142,0.01953107759959419,0.00640516061075628,-0.0011448827776524768,0.0005602998326875801,-0.0002961260221034536,4.262173989948525e-05,-7.43855926354982e-05,-0.0003884794768035418,-0.00016430194622655268,0.0,0.0
0.5153846153846153,0.1497572872970639,-0.05885046135609897,-0.06228368365626142,-0.008400487567614549,0.020330109482719266,0.006705817637615397,-0.0011822824412019187,0.0005685741620089069,-0.00031314470081469676,3.897862794094409e-05,-8.480889875329742e-05,-0.0004083439997645415,-0.00017438911021470794,0.0,0.0
0.520066889632107,0.15307593082038054,-0.060725035154639125,-0.06430874891912669,-0.008704930217933952,0.021167313653947233,0.007019298924167891,-0.0012206753705600029,0.0005752712656827897,-0.0003310482117628576,3.48029818688801e-05,-9.62872475930219e-05,-0.0004288760538546342,-0.0001849897530666705,0.0,0.0
0.5247491638795987,0.15649383006600748,-0.06264777663345569,-0.06638645202576209,-0.009026205271329777,0.022045282331369386,0.007346170529721881,-0.0012601406404855907,0.0005802045944015272,-0.00034989242950268144,3.004731670539175e-05,-0.00010891403999491569,-0.0004500845240545978,-0.00019612869936593496,0.0,0.0
0.5294314381270903,0.16001592141648419,-0.06461931251732254,-0.0685174332761442,-0.009365800109220794,0.022966799055686715,0.00768702525439311,-0.0013007624693716882,0.0005831770318314649,-0.00036973797087216,2.465938518090407e-05,-0.000122791386205258,-0.0004719770119826121,-0.0002078320097134564,0.0,0.0
0.5341137123745819,0.16364768966516194,-0.06664022718204492,-0.07070227313610498,-0.009725324724962655,0.023934855217478748,0.008042485438925188,-0.0013426298611571318,0.0005839809399556338,-0.00039065065591950684,1.858164212646408e-05,-0.00013803102990363357,-0.0004945595411343406,-0.00022012702583521458,0.0,0.0
0.5387959866220735,0.16739523896019934,-0.0687110692288669,-0.07294149718841142,-0.010106520823363344,0.024952668277732293,0.008413206265009021,-0.0013858360946075686,0.0005823982667580369,-0.0004127020182047395,1.1750643914221425e-05,-0.0001547553808343288,-0.0005178362109537226,-0.0002330424123705641,0.0,0.0
0.5434782608695652,0.17126537160532498,-0.07083236009536382,-0.07523558307122842,-0.010511271517030447,0.026023701878540976,0.008799879627104937,-0.0014304780345899583,0.0005782007144107402,-0.0004359698701554731,4.096374346281698e-06,-0.00017309866980285823,-0.0005418087910435418,-0.0002466081937528843,0.0,0.0
0.5481605351170569,0.17526567526949566,-0.07300460488843354,-0.07758496958772335,-0.010941611671780904,0.027151688062379033,0.009203238651891875,-0.0014766552370846446,0.0005711499637540517,-0.0004605389297998864,-4.458512793185432e-06,-0.00019320824160047918,-0.0005664762453067794,-0.00026085578418308776,0.0,0.0
0.5528428093645485,0.17940461916537387,-0.0752283056011866,-0.0799900681427583,-0.01139973896157321,0.028340651840924616,0.009624062946085053,-0.0015244688164436902,0.0005609979481794189,-0.0004865015159012146,-1.3999545654119979e-05,-0.00021524600344604599,-0.0005918341740185309,-0.0002758180081895971,0.0,0.0
0.5575250836120401,0.18369165976192517,-0.07750397684212808,-0.08245127662382494,-0.01188802570232366,0.029594938377639067,0.010063184657271101,-0.001574020039715862,0.0005474871670772332,-0.0005139583192759644,-2.462139336243353e-05,-0.0002393900488054298,-0.0006178741597140694,-0.0002915291086432949,0.0,0.0
0.5622073578595317,0.18813735659912065,-0.07983216416087491,-0.08496899579224296,-0.012409031543192657,0.03091924307157902,0.010521495435371913,-0.0016254086085899407,0.0005303510258614785,-0.0005430192588873314,-3.6428946568988696e-05,-0.000265836478982172,-0.0006445830002830579,-0.00030802473832557093,0.0,0.0
0.5668896321070234,0.19275349877195477,-0.082213464998629,-0.08754364818579558,-0.01296551710293364,0.03231864485232627,0.010999954384087528,-0.001678730584495757,0.0005093141863186599,-0.0005738044321561048,-4.9538535827417564e-05,-0.00029480144768279895,-0.0006719418097146336,-0.0003253419301985339,0.0,0.0
0.571571906354515,0.1975532426452086,-0.08464855222253768,-0.09017569945398728,-0.013560458646890688,0.033798643016193744,0.01149959709184964,-0.001734075906442515,0.0004840929077630516,-0.0006064451698063875,-6.407930629504607e-05,-0.0003265234568528493,-0.0006999249634634991,-0.0003435190403577223,0.0,0.0
0.5762541806020067,0.20255126134683635,-0.08713820011963397,-0.09286568195045503,-0.014197063906095679,0.03536519795023373,0.012021545830028246,-0.0017915254440159336,0.00045439535635467923,-0.000641085206435363,-8.019476966781962e-05,-0.00036126593544972126,-0.000728498861311132,-0.0003625956562089437,0.0,0.0
0.5809364548494983,0.20776390656192803,-0.08968331262675018,-0.09561422029198405,-0.0148787891421224,0.03702477610059872,0.012567021001845261,-0.0018511475192985328,0.0004199218571191617,-0.0006778819788234583,-9.804455692499203e-05,-0.0003993201364421141,-0.0007576204757733197,-0.0003826124606406422,0.0,0.0
0.5856187290969899,0.21320938310371088,-0.09228495345577939,-0.09842205845797747,-0.015609357557845852,0.038784399542154915,0.013137353917971868,-0.0019129938209659248,0.00038036506089726425,-0.0007170080647222057,-0.00011780639836439024,-0.000441008391151451,-0.0007872356484357963,-0.00040361104078627075,0.0,0.0
0.5903010033444815,0.21890793666212474,-0.09494437763645963,-0.10129008784538239,-0.016392779142293253,0.040651700492392195,0.01373400096319186,-0.001977094621036116,0.0003354099968758719,-0.0007586527753831876,-0.00013967836052697786,-0.0004866877639858636,-0.0008172770899504973,-0.0004256336272959635,0.0,0.0
0.5949832775919732,0.22488205500834085,-0.09766306383815707,-0.10421937550844389,-0.01723337201377014,0.04263498107849385,0.014358559201549676,-0.0020434531892465466,0.0002847339807742054,-0.0008030239152968862,-0.00016388137288396874,-0.0005367541545109126,-0.0008476620316506141,-0.0004487227467524905,0.0,0.0
0.5996655518394649,0.23115668274262344,-0.10044274664337956,-0.10721119159543385,-0.018135785284688767,0.04474327860365955,0.015012783443351583,-0.0021120392812972364,0.00022800634948337705,-0.0008503497223184202,-0.0001906620804918613,-0.0005916468974179054,-0.0008782894676900687,-0.0004729207658392924,0.0,0.0
0.6043478260869565,0.23775944938171706,-0.10328544772273218,-0.11026703473925223,-0.019105023407899213,0.046986436456335795,0.015698604763906894,-0.002182781554691287,0.00016488799533691945,-0.0009008810003228623,-0.00022029606204924902,-0.0006518539139368295,-0.0009090369161290478,-0.0004982693009383946,0.0,0.0
0.609030100334448,0.24472091014730493,-0.10619350459531303,-0.11338865385691473,-0.020146471869874467,0.04937518064905746,0.016418150417782572,-0.0022555587390859504,9.50306776430981e-05,-0.0009548934544183752,-0.0002530914556638942,-0.0007179174700768303,-0.0009397566153322043,-0.0005248084608137788,0.0,0.0
0.6137123745819397,0.2520747981804975,-0.10916959533891492,-0.11657806445308615,-0.02126592396053665,0.0519212017423674,0.017173765029255595,-0.002330189356440239,1.807609614140908e-05,-0.0010126902350894218,-0.0002893930367828131,-0.0007904405970134242,-0.0009702710583158922,-0.0005525758826999056,0.0,0.0
0.6183946488294314,0.25985828599046923,-0.11221675722613993,-0.1198375570903253,-0.022469608159544806,0.05463724157750921,0.017968032853728652,-0.0024064197494198724,-6.634527872089583e-05,-0.0010746046918181087,-0.0003295867935981482,-0.0008700942259115333,-0.0010003677522415653,-0.0005816055132115906,0.0,0.0
0.6230769230769231,0.2681122526444366,-0.11533839678677824,-0.12316969516498519,-0.023764215417392653,0.057537183774632836,0.018803800788307387,-0.002483910134328242,-0.00015861560957714372,-0.0011410033278950575,-0.00037410504401697074,-0.0009576250819776187,-0.0010297930731943215,-0.000611926074736518,0.0,0.0
0.6277591973244148,0.27688155138490134,-0.11853828820983245,-0.12657729848974938,-0.02515692525478006,0.06063614630563626,0.019684201652166344,-0.002562218347483988,-0.0002591313016739084,-0.0012122889351511344,-0.0004234321338330323,-0.0010538643684858474,-0.0010582450680027228,-0.0006435591450605466,0.0,0.0
0.6324414715719063,0.28621526984136153,-0.12182055627129179,-0.13006340840389383,-0.026655429127547647,0.06395057356327245,0.02061267704520257,-0.0026407809022993426,-0.0003683047643498199,-0.001288903868715876,-0.0004781107464574472,-0.0011597372480471218,-0.001085365035766062,-0.0006765167626016649,0.0,0.0
0.6371237458193979,0.2961669715596996,-0.12518963907150651,-0.133631229178359,-0.028267948871831854,0.06749832414434363,0.021592998809241436,-0.002718890920150988,-0.00048656623725813617,-0.001371333395659054,-0.0005387488382191574,-0.0012762730915617314,-0.0011107277030721673,-0.0007107984515167686,0.0,0.0
0.6418060200668896,0.30679490291379674,-0.12865022474895157,-0.13728403931894012,-0.03000324721120503,0.0712987489471939,0.022629287737333203,-0.0027956724448102285,-0.0006143655506842919,-0.0014601090149193624,-0.0006060271867608274,-0.00140461640981597,-0.0011338297904720793,-0.000746387539914989,0.0,0.0
0.6464882943143813,0.31816214322855046,-0.13220715496184207,-0.14102506496058245,-0.03187062622078511,0.07537275202980787,0.02372602767537805,-0.002870050603307472,-0.0007521736331506853,-0.0015558115959500229,-0.0006807074992519926,-0.001546038301472721,-0.0011540767565834718,-0.0007832466204723175,0.0,0.0
0.6511705685618729,0.3303366676874832,-0.13586528625184588,-0.14485730585566864,-0.03387990823856636,0.07974282383375896,0.024888072501983396,-0.0029407170445695874,-0.0009004835073260709,-0.0016590741158126992,-0.0007636409664099477,-0.0017019481349415818,-0.0011707675047624932,-0.0008213119762523827,0.0,0.0
0.6558528428093645,0.3433912817922525,-0.13962929838773758,-0.14878330246772595,-0.03604139191770949,0.08443303267031778,0.026120642616052833,-0.003006090084706604,-0.0010598104231005932,-0.0017705836838221415,-0.0008557770602496791,-0.0018739050182143707,-0.0011830768523997956,-0.0008604867664427885,0.0,0.0
0.6605351170568561,0.35740337217971313,-0.14350343641174484,-0.1528048303928619,-0.03836577384479265,0.08946895558031333,0.027429306460323093,-0.0030642690349401607,-0.0012306906599969508,-0.0018910824230240235,-0.0009581722484722909,-0.002063628384894954,-0.0011900356044681516,-0.0009006327389079289,0.0,0.0
0.6652173913043478,0.37245440083451586,-0.1474911703947199,-0.15692250579512163,-0.04086402332855686,0.09487752359426455,0.0288199412130348,-0.0031129823147455983,-0.0014136783849926873,-0.0020213666215714177,-0.0010719981243031548,-0.0022730067174542867,-0.001190508155118787,-0.0009415602123004595,0.0,0.0
0.6698996655518394,0.38862904754085986,-0.15159475393193655,-0.16113528288986625,-0.043547194527851885,0.10068674881734428,0.03029866504226898,-0.0031495292013376114,-0.0016093397717536224,-0.0021622833667163397,-0.001198548212566079,-0.00250410301786464,-0.0011831676836163033,-0.0009830160555397895,0.0,0.0
0.6745819397993311,0.4060138783477824,-0.15581465937562858,-0.1654398220023797,-0.04642615601533461,0.10692529148449313,0.031871731205879376,-0.0031707154960887787,-0.0018182433701209543,-0.0023147236223460066,-0.0013392423935677912,-0.002759155096395097,-0.0011664692405116894,-0.001024669395553273,0.0,0.0
0.6792642140468227,0.42469538585536587,-0.16014886507954232,-0.1698297048296064,-0.04951121323154671,0.11362181415571555,0.03354537179689166,-0.003172784078055538,-0.002040945460890915,-0.002479610402759242,-0.001495627467427384,-0.00304056805678412,-0.0011386213719296405,-0.0010660948186153169,0.0,0.0
0.6839464882943143,0.44475721108500377,-0.16459196817556204,-0.17429447300212458,-0.05281159429763786,0.12080405781507204,0.03532557615035158,-0.003151342367012997,-0.002277968847848002,-0.0026578803312810807,-0.0016693718456824117,-0.0033508954910110396,-0.0010975574486530915,-0.0011067529158644324,0.0,0.0
0.6886287625418059,0.4662763188928429,-0.1691340966638253,-0.17881846806498444,-0.056334764815542046,0.12849756156993594,0.03721778603341665,-0.0031012902591495565,-0.002529773246244796,-0.002850456463966218,-0.0018622516938724325,-0.0036928048554803984,-0.0010409086051329523,-0.001145968186905125,0.0,0.0
0.6933110367892976,0.48931786409936523,-0.17375959848002287,-0.18337945732106684,-0.060085533501514625,0.13672393552532036,0.039226487122390116,-0.003016754270606853,-0.002796715163989697,-0.0030582098370994424,-0.0020761250638390077,-0.004069021310319678,-0.000965981208577622,-0.0011829045933048807,0.0,0.0
0.6979933110367893,0.513928462301726,-0.1784454950261352,-0.1879470430659986,-0.06406490930092798,0.14549858812521568,0.04135467461438585,-0.0028910365679879696,-0.00307899500872576,-0.00328190682513941,-0.0023128896842646214,-0.00448224304979283,-0.0008697431206696287,-0.0012165394921906504,0.0,0.0
0.702675585284281,0.5401275817065792,-0.18315970556829278,-0.192480875824844,-0.06826867440115103,0.15482780955842443,0.04360317124143817,-0.0027165913787165204,-0.0033765892042985205,-0.0035221391836835606,-0.0025744192129140745,-0.00493502001434067,-0.0007488247085192387,-0.0012456373317753756,0.0,0.0
0.7073578595317725,0.5678968214496444,-0.18785908088412195,-0.19692872918422347,-0.07268564975203812,0.16470512893032935,0.04596978012722642,-0.002485045938908295,-0.0036891655344304746,-0.0037792337773497543,-0.002862472069678518,-0.00542958717691968,-0.0005995425696673487,-0.0012687254070594674,0.0,0.0
0.7120401337792641,0.5971669673392855,-0.1924873340120602,-0.20122454879504859,-0.077295654945791,0.17510690490763345,0.04844826517911314,-0.0021872883963214677,-0.004015980986410546,-0.004053139716958061,-0.0031785667643250888,-0.005967643860617431,-0.0004179561036740387,-0.0012840751883193848,0.0,0.0
0.7167224080267558,0.6278029552098314,-0.1969730268611067,-0.20528666424688097,-0.08206720814921199,0.18598719028189395,0.051027170966491515,-0.0018136502736267868,-0.004355763340219104,-0.004343292306224249,-0.0035238183641843296,-0.006550072537856748,-0.00019996904152889608,-0.0012896942311480465,0.0,0.0
0.7214046822742475,0.6595872659107962,-0.201227865332099,-0.20901644984464718,-0.08695507976938413,0.19727204443796478,0.05368852545695789,-0.0013542149164472918,-0.0047065809583049295,-0.004648456243940084,-0.0038987330454134596,-0.007176595294997814,5.8510799287178226e-05,-0.0012833353409061297,0.0,0.0
0.7260869565217392,0.6922028571812543,-0.20514566844854235,-0.21229783242979197,-0.09189790916040452,0.20885366550785736,0.05640651503654374,-0.0007992836683794966,-0.005065709926837339,-0.004966555346086243,-0.004302962296732521,-0.00784537476811899,0.00036134092618740317,-0.0012625312203156382,0.0,0.0
0.7307692307692307,0.7252175094960066,-0.20860249470144643,-0.21499815385746104,-0.09681621478287902,0.22058497755663245,0.059146282006763196,-0.00014002528856227136,-0.005429513884075146,-0.005294502855680446,-0.004735026028559404,-0.00855257985119811,0.0007118339765458969,-0.0012246637700395401,0.0,0.0
0.7354515050167223,0.7580723661518609,-0.2114585022785804,-0.2169709695716599,-0.10161126184222612,0.2322756178166836,0.06186306532031722,0.0006306823138684476,-0.005793359040013679,-0.005628054926609278,-0.005192024955456001,-0.009291955087332238,0.001112367705752628,-0.0011670767642375877,0.0,0.0
0.740133779264214,0.7900783210156012,-0.2135621419119381,-0.21806135237953453,-0.1061653681157127,0.24369057029971153,0.06450197271131619,0.001517238970830981,-0.006151593716707007,-0.005961718962841839,-0.005669376640875359,-0.010054454990784549,0.0015639295100299102,-0.001087237800498532,0.0,0.0
0.7448160535117057,0.8204244570280949,-0.2147571696602105,-0.21811410915655624,-0.11034427922581456,0.2545528853640171,0.0669987132824388,0.0025202035201152178,-0.006497625843951028,-0.006288755797898655,-0.0061606244298119586,-0.010828026584190626,0.0020656305345292843,-0.0009829492624232692,0.0,0.0
0.7494983277591973,0.8482025502220736,-0.21489265997032525,-0.216984950424041,-0.11400216420523691,0.2645518684235205,0.06928160140994946,0.00363519120445038,-0.006824129912439877,-0.006601316543122349,-0.006657379965314402,-0.011597637850428194,0.00261424908673451,-0.0008525980683317545,0.0,0.0
0.7541806020066889,0.8724502844551901,-0.21383566513057894,-0.214554059661087,-0.11698950785717925,0.2733576625988197,0.07127503106066203,0.0048519651843913865,-0.0071234034218503875,-0.0068907469587160255,-0.007149461954994606,-0.012345646558787515,0.003203886209669396,-0.0006954209267925411,0.0,0.0
0.7588628762541805,0.8922129981398755,-0.2114854460640878,-0.21074075259918104,-0.11916368028217697,0.2806421941331507,0.07290439377275074,0.0061539374123013675,-0.007387869803060686,-0.007148070968782046,-0.007625279671983303,-0.01305257303643972,0.0038258289663092204,-0.0005117482146977774,0.0,0.0
0.7635451505016722,0.906619674389748,-0.20778743847930034,-0.20551716939628936,-0.12040129465531405,0.28610504988298124,0.07410208836665387,0.00751828867042534,-0.007610691677224096,-0.007364630405533144,-0.008072475191348188,-0.013698277132177436,0.004468708903370216,-0.0003031798922187694,0.0,0.0
0.7682274247491638,0.9149643157417582,-0.2027445684007013,-0.1989184745744227,-0.12061077422919421,0.28950129148129206,0.07481391242829136,0.00891685027621391,-0.007786421942598136,-0.007532815933375193,-0.008478785810536332,-0.014263450351407143,0.005119006916732953,-7.264644409365632e-05,0.0,0.0
0.7729096989966555,0.9167802553326874,-0.19642347656342476,-0.19104713466893286,-0.11974307656596721,0.2906669711864389,0.07500484900367513,0.010317759060966696,-0.007911592195293369,-0.007646786260614777,-0.00883302872801195,-0.01473124001444854,0.005761892542509186,0.000175679291638612,0.0,0.0
0.7775919732441472,0.911893958835077,-0.18895383844013186,-0.18206965747002624,-0.11779850902215815,0.28953775164424794,0.07466319285045914,0.011687727995218318,-0.007985131200739919,-0.007703054138832209,-0.009126062737377923,-0.015088755240717929,0.00638230900858359,0.00043662748960417624,0.0,0.0
0.7822742474916388,0.9004474790982987,-0.1805202281717501,-0.172205605461093,-0.11482813655715612,0.28615689761813284,0.07380217634756245,0.012994617255431929,-0.008008528344851475,-0.007700829756557674,-0.009351566222461919,-0.015328195177900301,0.006966148845030383,0.0007044085772414502,0.0,0.0
0.7869565217391303,0.8828846590336161,-0.171347542661892,-0.16171035043420465,-0.11092933505946981,0.28067091493202717,0.07245873032697407,0.01420990131170212,-0.007985705533513873,-0.00764205608396133,-0.009506498008795944,-0.015447401442964437,0.007501333322131046,0.0009730665976508412,0.0,0.0
0.791638795986622,0.8599037418028731,-0.16168237453223083,-0.15085437740207022,-0.10623627000498251,0.273313688228543,0.07068961318952627,0.01531064340124607,-0.00792262192032375,-0.007531134634451207,-0.009591172426978408,-0.015449755055814675,0.007978626430293572,0.0012369360670349265,0.0,0.0
0.7963210702341137,0.8323857891416903,-0.15177344568933238,-0.13990252811482956,-0.10090708213675512,0.26438227980879286,0.06856566871711678,0.016280706274281322,-0.007826689369111472,-0.007374403374386709,-0.009608961699146958,-0.015343475446390004,0.008392075707658235,0.0014910321607062831,0.0,0.0
0.8010033444816054,0.8013121416193353,-0.14185409263711132,-0.1290962537232601,-0.09511003423949829,0.2542088806355955,0.0661652661936238,0.017111104865349117,-0.007706106176547059,-0.007179471176399002,-0.009565710744973418,-0.015140491017712586,0.008739056172865578,0.0017313240665957417,0.0,0.0
0.805685618729097,0.7676842609019632,-0.13212896619848438,-0.11864092578771632,-0.08901073530147546,0.2431334648653265,0.06356797456213008,0.017799582071697434,-0.007569216141253553,-0.006954524784933418,-0.009468991077923254,-0.014855106366791203,0.009019971888334746,0.001954870772850211,0.0,0.0
0.8103678929765885,0.732456300215804,-0.12276593595651675,-0.10869895280760551,-0.08276195779178419,0.2314806973411537,0.06084927795783595,0.01834961266401037,-0.007423974999464534,-0.006707706887368559,-0.009327324989599768,-0.014502684474769021,0.009237720675497076,0.0021598272510625067,0.0,0.0
0.8150501672240802,0.6964861840122601,-0.1138930734262474,-0.09938828701759049,-0.07649677077310384,0.21954309660867818,0.058076775443104814,0.018769090367019004,-0.007277569052862047,-0.006446628935490373,-0.009149485920792632,-0.014098509093745801,0.009397043477644574,0.0023453492603130633,0.0,0.0
0.8197324414715719,0.6605064563908362,-0.10559980207703148,-0.09078514680992571,-0.07032498462520527,0.20757091487939036,0.055307950621614685,0.019068936567907133,-0.007136194469135517,-0.00617804372266148,-0.008943940526800276,-0.013656919635188464,0.009503866265312176,0.002511433880352007,0.0,0.0
0.8244147157190636,0.6251127743068906,-0.09794093599259299,-0.0829294837194427,-0.06433239971981505,0.19576803678483512,0.05258933221931049,0.019261810843299327,-0.0070049788833924705,-0.005907671014611443,-0.008718457082922267,-0.013190742181843327,0.009564711794523343,0.002658731771107747,0.0,0.0
0.8290969899665552,0.5907660631279319,-0.09094232150215244,-0.07583179760197306,-0.058582110310585446,0.18429255633179303,0.04995672371645824,0.019361031423570138,-0.006888012485662693,-0.0056401496764102894,-0.008479873140763233,-0.012710990190860543,0.00958622390251766,0.002788359767784292,0.0,0.0
0.8337792642140467,0.5578038519185481,-0.0846070149445583,-0.0694801944349017,-0.05311709042613535,0.17326051228329753,0.047436144265403025,0.01937974864887302,-0.006788452246354154,-0.00537908161423969,-0.008233996216771237,-0.012226780934653276,0.00957481739209299,0.0029017327090377198,0.0,0.0
0.8384615384615384,0.5264567268690824,-0.07892124037494212,-0.06384694296069068,-0.047963399718236086,0.16275139894478582,0.04504515919860678,0.01933036690752401,-0.006708666703462565,-0.0051271334596414775,-0.00798560367256754,-0.011745405411786244,0.009536445982854979,0.0030004242654380997,0.0,0.0
0.84314381270903,0.4968667200586531,-0.07385967581490602,-0.05889412035846311,-0.043133516381400866,0.1528143645422627,0.04279434960089595,0.01922418232291013,-0.006650396059263566,-0.0048861675207941616,-0.007738508512658341,-0.011272493967191705,0.00947646947618309,0.0030860594959421376,0.0,0.0
0.8478260869565217,0.4691054321298833,-0.06938986326881144,-0.054578195159673874,-0.03862947605882346,0.1434743417309163,0.04068874874603635,0.019071191319623204,-0.006614910368258686,-0.004657380956757226,-0.007495662955154628,-0.01081223086270599,0.009399597255916855,0.0031602372796632723,0.0,0.0
0.8525083612040134,0.4431905602147226,-0.0654757102140595,-0.0508535676805136,-0.03444563992985606,0.13473765168429283,0.03872914223866983,0.018880024085287904,-0.0066031556740135805,-0.004441439330222444,-0.007259278443013465,-0.010367583808099112,0.009309885983565072,0.0032244783377107203,0.0,0.0
0.8571906354515049,0.419100176837554,-0.0620801546346745,-0.047675185747085326,-0.030571021479918168,0.12659685348857122,0.03691318161896732,0.018657962049742717,-0.006615883378647123,-0.004238596623221458,-0.007030947418825116,-0.009940526176761251,0.009210772586150967,0.003280193695236866,0.0,0.0
0.8618729096989965,0.3967845712706686,-0.05916711742509444,-0.045000395931038085,-0.026991171330923495,0.11903477022648522,0.03523629736152106,0.01841100620666226,-0.006653761843590687,-0.00404879815318886,-0.006811757763734376,-0.009532239022512838,0.00910512775274204,0.0033286685514220898,0.0,0.0
0.8665551839464882,0.37617575236267226,-0.05670288207657263,-0.04279019728171185,-0.023689660027584953,0.11202772224327291,0.03369241915449665,0.018143971100621076,-0.006717471476765082,-0.003871765717712283,-0.006602395014018857,-0.009143286834652861,0.008995319170985944,0.003371057156998806,0.0,0.0
0.8712374581939799,0.3571948652825729,-0.0546570362798339,-0.04101005119640284,-0.02064921820277366,0.10554805150871187,0.0322745226119702,0.01786058637027704,-0.006807785707716212,-0.003707066018835252,-0.0064032303914330355,-0.008773765504888667,0.008883277165342214,0.003408385124306935,0.0,0.0
0.8759197324414716,0.33975783642481105,-0.05300309383350481,-0.039630378459461435,-0.017852599567221034,0.0995660431732763,0.03097502550536039,0.017563593390812315,-0.006925640607333612,-0.0035541642980373694,-0.006214394549138975,-0.008423423724569178,0.008770558088545703,0.0034415564218558668,0.0,0.0
0.8806020066889633,0.32377956523857254,-0.0517188947057479,-0.03862684925445831,-0.01528323047879645,0.09405135311813244,0.02978605586731654,0.017254828749816153,-0.007072195703992352,-0.0034124654366815424,-0.006035838013303143,-0.008091760489350007,0.008658402794187966,0.0034713630364648336,0.0,0.0
0.8852842809364547,0.3091769536641333,-0.0507868599268087,-0.03798054754011276,-0.01292570451138574,0.08897404206101522,0.0286996107998598,0.016935289197767933,-0.007248887905602418,-0.003281344763926544,-0.005867379834250599,-0.007778101991281463,0.008547788891092378,0.0034984958846887874,0.0,0.0
0.8899665551839464,0.2958710191722916,-0.0501941576416466,-0.03767806870319382,-0.010766174096965073,0.08430530326278843,0.02770761967633255,0.01660517460860104,-0.0074574793605677175,-0.003160170619949383,-0.005708746143662359,-0.0074816612536732635,0.008439476382268557,0.003523556019614289,0.0,0.0
0.8946488294314381,0.2837882851471829,-0.04993281692536075,-0.03771158831736212,-0.00879268552369938,0.08001795547465089,0.026801919271536672,0.01626390667321667,-0.007700098449812727,-0.0030483204481812,-0.005559600287042628,-0.007201583643832618,0.008334046847432438,0.0035470655244529956,0.0,0.0
0.8993311036789298,0.2728615862559267,-0.04999980528891686,-0.03807891822401287,-0.006995499144242876,0.07608675720344589,0.025974141384944034,0.015910121863606342,-0.007979270600187362,-0.0029451918976088776,-0.005419566060476281,-0.006936981036322609,0.008231936642172508,0.00356947773207106,0.0,0.0
0.9040133779264214,0.26303036610981007,-0.05039706117804641,-0.03878354061735948,-0.005367433809103748,0.0724885831904732,0.025215505670298965,0.015541638051782037,-0.008297931722361417,-0.002850210139052587,-0.005288245390188419,-0.006686956989985251,0.008133464738974718,0.0035911865813325044,0.0,0.0
0.9086956521739129,0.2542404760282176,-0.051131439342507246,-0.03983457600113927,-0.0039042729433401285,0.06920248884234363,0.02451650147665585,0.015155395613825236,-0.008659410952702468,-0.002762832353996541,-0.005165231590666018,-0.0064506249004674075,0.008038855884134583,0.003612535036039288,0.0,0.0
0.9133779264214046,0.2464433997802623,-0.05221447721531228,-0.041246588520610306,-0.00260526816326618,0.06620967210783288,0.023866432505185796,0.014747376791005119,-0.009067359701683134,-0.002682550146599063,-0.0050501191434905775,-0.006227120724724218,0.007948259731209302,0.0036338225659766346,0.0,0.0
0.9180602006688963,0.23959471910517544,-0.05366181307243964,-0.043039049728273236,-0.0014737722489175274,0.06349332310305819,0.023252787569679845,0.01431251300950107,-0.009525588841742632,-0.002608890458491654,-0.004942510765183511,-0.006015611556818807,0.007861766563852316,0.0036553117342950484,0.0,0.0
0.922742474916388,0.23365148512504302,-0.05549196546298206,-0.04523515106215624,-0.0005180212483628422,0.061038327025489295,0.022660391875330397,0.013844601274061724,-0.010037752567100535,-0.002541415428427109,-0.004842022382309522,-0.0058153010675127655,0.007779420156668655,0.003677233960308156,0.0,0.0
0.9274247491638796,0.22856795854332107,-0.05772399702872269,-0.04785945191078489,0.00024794499835170957,0.0588307523770318,0.02207029168330158,0.013336271689117737,-0.010606782986455773,-0.002479721530076778,-0.004748286506046752,-0.005625432600687456,0.007701228253366995,0.003699794538404787,0.0,0.0
0.9321070234113711,0.22428892521547816,-0.06037331301253518,-0.050933548222913926,0.000803302848703483,0.056857011510891564,0.02145834387465907,0.01277908469258247,-0.011233931841502072,-0.002423438236441501,-0.004660954394641438,-0.005445290542164882,0.007627171073587477,0.0037231769968885595,0.0,0.0
0.9367892976588628,0.22073952136102715,-0.06344448176054841,-0.05446853697560564,0.0011196230663551696,0.05510252502049955,0.020793547016491373,0.012163896502508055,-0.01191721809394942,-0.0023722263939065873,-0.004579697307951476,-0.0052742004348325325,0.007557208196944715,0.003747546878450629,0.0,0.0
0.9414715719063544,0.2178103556607575,-0.06691957399040484,-0.0584525935281328,0.001160683269777808,0.05354966853007,0.020036310187091184,0.011481720863328904,-0.01264903125023069,-0.002325776438987649,-0.0045042070907320075,-0.005111528202056868,0.007491284116710799,0.003773055018882034,0.0,0.0
0.9461538461538461,0.21533705953668267,-0.07074033827555806,-0.06283171830865962,0.0008838229595175096,0.05217477288353485,0.01913718552788099,0.010725428149669819,-0.013412655697205518,-0.0022838065529638607,-0.004434196267618151,-0.0049566787536878916,0.007429332706662137,0.0037998403940205697,0.0,0.0
0.9508361204013378,0.21307499645769112,-0.07478317489567925,-0.06748229999287078,0.0002443625765016805,0.050944089482785164,0.01803717535549757,0.00989271264610699,-0.014177687393705268,-0.002246060821168953,-0.004369397790386547,-0.0048090941807495124,0.00737128080273819,0.003828032597756533,0.0,0.0
0.9555183946488295,0.2106739617616133,-0.07882855249325935,-0.07217691128834755,-0.0007947884815642357,0.04980911432439197,0.01667156646948948,0.00899068636641951,-0.014894936675213896,-0.0022123074425363888,-0.004309564544843347,-0.004668251692176242,0.007317051065757889,0.0038577540067834732,0.0,0.0
0.9602006688963209,0.20766549261436212,-0.08253291488086395,-0.07655160669882738,-0.00224629113394559,0.048702731856946936,0.014980009335390326,0.008041936117827777,-0.015492713048468448,-0.002182337019359617,-0.0042544686987565795,-0.004533661406412957,0.00726656426179829,0.0038891216810203796,0.0,0.0
0.9648829431438126,0.2034857552092545,-0.08542185172952056,-0.08009480078404595,-0.00407444609739034,0.047539315915382546,0.012925163894123877,0.007090536498979393,-0.01587832168304848,-0.0021559609457925183,-0.004203900952113959,-0.004404864079688373,0.00721974107220672,0.003922249042435802,0.0,0.0
0.9695652173913043,0.19756191441296003,-0.08693362673282028,-0.08218977701500929,-0.006170229600120816,0.04622332817161505,0.010518736192780598,0.00620434500173751,-0.01595000198773343,-0.0021330099053429898,-0.004157669735415766,-0.004281428829185513,0.00717650352486307,0.003957247369451903,0.0,0.0
0.974247491638796,0.18947225026320832,-0.08653719984004653,-0.08223898322735722,-0.008340102446759172,0.044669642694012614,0.00784592613465422,0.005468288136400441,-0.015622466507790716,-0.002113332481707809,-0.004115600389720685,-0.00416295089148815,0.0071367761215678244,0.003994227139212548,0.0,0.0
0.9789297658862877,0.1791371347572789,-0.08391011815836223,-0.07985751046808755,-0.010327457590671366,0.04283210890633931,0.005070951345240601,0.004965461713834016,-0.014860766124712127,-0.0020967938831509105,-0.004077534352965322,-0.004049049443265442,0.00710048672271336,0.004033299245739875,0.0,0.0
0.9836120401337791,0.16693552899084066,-0.07909752046213521,-0.07505262007090395,-0.011872939447942453,0.040726817652633265,0.0024083169862055102,0.004750802177862827,-0.013705592262403562,-0.002083274777776635,-0.004043328370053021,-0.003939365501139557,0.0070675672391914204,0.004074576118332216,0.0,0.0
0.9882943143812708,0.1536446995743377,-0.07254492118311708,-0.06827099838504745,-0.012790801543127225,0.03843334652026053,6.457058911171027e-05,0.0048309955701112345,-0.012270779861951445,-0.0020726702351436905,-0.0040128537388650935,-0.003833559910265529,0.0070379541723644065,0.004118172761416608,0.0,0.0
0.9929765886287625,0.14020892120969689,-0.0649641396579006,-0.06026353599556121,-0.01301887663358487,0.03606951102834303,-0.0018200248592415624,0.005163543916265192,-0.010709806909202228,-0.00206488876843855,-0.003985995600301845,-0.003731311425721191,0.007011589035518548,0.00416420773440087,0.0,0.0
0.9976588628762542,0.12746711985227646,-0.05710950742356491,-0.05184579753889215,-0.012615718642767684,0.03375399610406999,-0.003198247420343619,0.005674992974261843,-0.009170287049424544,-0.002059851470678667,-0.003962652277410257,-0.0036323148868825086,0.0069884186842195896,0.004212804087814062,0.0,0.0
1.0023411371237458,0.11598059783467025,-0.0495908391810172,-0.0436911113712552,-0.011716193050742481,0.03157743477440809,-0.004103898686704603,0.006285800259059948,-0.007761010978269046,-0.0020574912379945133,-0.003942734666363375,-0.003536279482181807,0.006968395578157718,0.004264090270123068,0.0,0.0
1.0070234113712373,0.10600487244029835,-0.04279350693169957,-0.03623661565892571,-0.010477947208444163,0.029591932460299303,-0.0046184101711229724,0.006928881804353626,-0.006542034118992076,-0.002057752072830294,-0.003926165680337527,-0.0034429270997345046,0.006951477993192387,0.004318201018013661,0.0,0.0
1.011705685618729,0.09755790228547555,-0.03689305544925625,-0.02969275990471187,-0.009043231351794832,0.02781558640675406,-0.004837726924729856,0.007557213313278999,-0.005532282595829052,-0.0020605884598186713,-0.003912879746042214,-0.003351990758064885,0.006937630199224709,0.004375278241577733,0.0,0.0
1.0163879598662207,0.09051564806439019,-0.031914574689292555,-0.024104008167208604,-0.007521880683964107,0.02624334105410726,-0.004850689323564045,0.008143063895178973,-0.004723775284810119,-0.0020659648070571503,-0.0039028223516782896,-0.0032632131104038753,0.006926822617100221,0.004435471914707873,0.0,0.0
1.0210702341137123,0.08469185842822614,-0.027795643881849397,-0.019415811768622237,-0.005989623653644989,0.024857601127642574,-0.004729489107498167,0.008673435323905866,-0.004094727503280303,-0.0020738549454892216,-0.0038959496443412268,-0.003176345015657017,0.00691903196587209,0.004498940980023118,0.0,0.0
1.025752508361204,0.07988937739128986,-0.024434064696249674,-0.015526514299991436,-0.004493773829476368,0.023635892819700174,-0.004528141215196056,0.009145003331911998,-0.003618646651297873,-0.0020842416790281698,-0.0038922280742734084,-0.003091144169064532,0.006914241410350034,0.004565854276793467,0.0,0.0
1.0304347826086957,0.07592687360648251,-0.02171765856091608,-0.012320395084524687,-0.003060792339458941,0.02255541963485834,-0.004284814910780893,0.009560039045591493,-0.0032695270446231536,-0.002097116377917664,-0.0038916340828408784,-0.003007373785740817,0.006912440717858598,0.004636391499553781,0.0,0.0
1.0351170568561872,0.07264939638423507,-0.019540101994731586,-0.009685670282635294,-0.0017030602889336701,0.021595324701182736,-0.004025331333693699,0.009923608431822908,-0.003024279411366387,-0.0021124786075668004,-0.003894153830613495,-0.00292480133065316,0.006913626432482638,0.004710744194357689,0.0,0.0
1.0397993311036788,0.06993001780047108,-0.017807810692496727,-0.007522673266002795,-0.00042404116192609677,0.020737543818697034,-0.0037665058302475346,0.010241844140191652,-0.002863520786208199,-0.002130335784694597,-0.003899782961416101,-0.0028431972891623377,0.00691780207475412,0.0047891167988723775,0.0,0.0
1.0444816053511705,0.06766733973779623,-0.01644179659112718,-0.005746413836280971,0.0007781208888400976,0.019966903904562832,-0.003518863010259148,0.010520970922852169,-0.002771523377979486,-0.0021507028520359136,-0.003908526397648936,-0.0027623339730010747,0.006924978374712658,0.00487172773170569,0.0,0.0
1.0491638795986622,0.06578155502109656,-0.015377033607290815,-0.004286278367220696,0.001908234560325349,0.01927087316460887,-0.003288667155314923,0.010766809211393374,-0.0027358019027601613,-0.0021736019620604745,-0.003920398161505434,-0.0026819843575270376,0.006935173546544995,0.004958810535429047,0.0,0.0
1.0538461538461539,0.06421039246548188,-0.014560789963324867,-0.0030844852402904994,0.0029725715282033402,0.018639187538607677,-0.0030793693312451964,0.010984560836448548,-0.002746595277124519,-0.002199062159097528,-0.003935421215900876,-0.002601920947285694,0.006948413613578395,0.00505061507664507,0.0,0.0
1.0585284280936453,0.0629055066725648,-0.01395069017881844,-0.0020941569643841947,0.003977964747939061,0.018063465259513724,-0.00289260818992516,0.011178750759287254,-0.002796364255742056,-0.002227119047893933,-0.003953627317919371,-0.0025219146684051018,0.006964732793286864,0.0051474088050662715,0.0,0.0
1.063210702341137,0.061829481463653094,-0.013512866517183452,-0.0012774267300135764,0.00493128650891931,0.01753685822551331,-0.0027288883581357594,0.01135324870656289,-0.002879353627547974,-0.002257814434908154,-0.003975056876336553,-0.002441733788184346,0.006984173953192388,0.005249478071820785,0.0,0.0
1.0678929765886287,0.06095343670385875,-0.013220342850547174,-0.0006037547901221181,0.00583916482347478,0.017053756259466077,-0.002588033655613479,0.01151132698865457,-0.0029912312498103504,-0.0022911959264941173,-0.003999758803222321,-0.0023611428645199835,0.0070067891501486256,0.005357129504962456,0.0,0.0
1.0725752508361204,0.060255159267417716,-0.013051685544569244,-4.8506447953827826e-05,0.006707845790037624,0.016609544887048956,-0.0024694863214274982,0.01165573053598725,-0.0031287999232880847,-0.00232731646548369,-0.004027790347703044,-0.002279901730650783,0.00703264026753444,0.0054706914372861975,0.0,0.0
1.077257525083612,0.05971766240789303,-0.012989906738288074,0.0004082145220382593,0.007543143131480544,0.01620041087436722,-0.0023725023622863037,0.011788746742243221,-0.0032897720821559603,-0.0023662337844508104,-0.004059216897586182,-0.002197764524233408,0.007061799767431309,0.005590515377851348,0.0,0.0
1.0819397993311035,0.05932808378775342,-0.013021586656726002,0.0007825067364628007,0.008350438192117894,0.015823187850545217,-0.0022962775032331485,0.01191226922938758,-0.0034725961045506183,-0.002408009750038401,-0.004094111731629628,-0.00211447877416504,0.007094351577999475,0.005716977513869782,0.0,0.0
1.0866220735785952,0.059076846203464865,-0.013136177614589108,0.001087422572660687,0.009134707859635134,0.015475234462809991,-0.0022400271348790414,0.012027853203260119,-0.003676323952048705,-0.0024527095680437865,-0.004132555701664796,-0.0020297845640609045,0.0071303921401122405,0.005850480223542082,0.0,0.0
1.0913043478260869,0.05895701995853034,-0.013325454887352924,0.0013335649972328638,0.00990056684305981,0.015154338434799464,-0.0022030359905762177,0.012136761913772597,-0.003900511449897669,-0.0025004008133718897,-0.004174636819432257,-0.001943413798141383,0.007170031641988259,0.005991453572681939,0.0,0.0
1.0959866220735786,0.05896383921853932,-0.01358308449632413,0.0015295604755824357,0.01065231633990014,0.014858641031188547,-0.002184688072138466,0.012240004621333865,-0.004145144198501652,-0.0025511522423527083,-0.004220449717718599,-0.0018550896038057266,0.007213395476235046,0.00614035675813763,0.0,0.0
1.1006688963210702,0.05909433573006885,-0.013904283216770029,0.001682433488569497,0.01139399459408655,0.01458657751276372,-0.0021844838223682916,0.012338366836780437,-0.0044105836065602335,-0.0026050323371529837,-0.004270094949032629,-0.0017645259157583347,0.007260625960570012,0.0062976794485904205,0.0,0.0
1.105351170568562,0.0593470620087138,-0.014285550932928746,0.0017979033428982692,0.012129426976015652,0.01433683009908048,-0.00220204917531728,0.012432433694008677,-0.004697528780164518,-0.0026621075229718008,-0.004323678077451254,-0.001671427299670222,0.007311884371733013,0.006463942957670304,0.0,0.0
1.1100334448160534,0.059721882809430665,-0.014724459541742905,0.0018806197672016473,0.012862274512939358,0.014108290720593499,-0.002237139523828981,0.012522607271547836,-0.005006990990563123,-0.0027224399882982094,-0.004381308510211021,-0.001575489089549238,0.007367353351991516,0.006639701164745788,0.0,0.0
1.114715719063545,0.060219818762129125,-0.015219485914718625,0.0019343503216001057,0.013596080581709575,0.013900031450970643,-0.0022896405708398068,0.012609118577697498,-0.005340278205947892,-0.0027860850266747316,-0.004443098004928538,-0.0014763979328888083,0.007427239759437121,0.006825541074351944,0.0,0.0
1.1193979933110367,0.060842929838061534,-0.015769879036417057,0.0019621298682576164,0.014334315947220441,0.013711280986753817,-0.002359567301806214,0.01269203479450733,-0.005698987745856209,-0.002853087805183116,-0.0045091587758199145,-0.0013738328619823496,0.007491778047267358,0.0070220828750141235,0.0,0.0
1.1240802675585284,0.061594229101273906,-0.01637555345420634,0.0019663801598337445,0.015080422614591901,0.013541405910729732,-0.002447061812959963,0.01277126226030206,-0.006085005533952708,-0.002923479450411209,-0.004579601107811463,-0.0012674670393148179,0.007561234273728105,0.007229979321062487,0.0,0.0
1.12876254180602,0.06247761922598245,-0.017037002703120887,0.0019490058993620696,0.01583785714001063,0.013389895760028376,-0.0025523903745448434,0.012846545569862578,-0.006500510712656678,-0.002997272327341936,-0.004654530370917254,-0.0011569703605016361,0.00763591086361697,0.007449914215651623,0.0,0.0
1.1334448160535116,0.06349784570283312,-0.0177552275056695,0.0019114723155231618,0.01661013416359617,0.013256351139148541,-0.0026759398459225304,0.01291746309196389,-0.0069479845604120145,-0.0030744543711091416,-0.004734043308760446,-0.0010420131406445928,0.007716152264394425,0.0076825997182668245,0.0,0.0
1.1381270903010032,0.06466046164844236,-0.01853167436698459,0.0018548683028936956,0.017400871018713716,0.013140474287257188,-0.002818213353565824,0.01298341914999254,-0.00743022273116313,-0.0031549823170286956,-0.00481822345489958,-0.0009222711599009333,0.0078023516650367435,0.00792877213419319,0.0,0.0
1.142809364548495,0.06597179977404523,-0.019368180753631527,0.0017799584344261573,0.018213834355238507,0.01304206164051041,-0.002979824967903588,0.013043633086955742,-0.007950349820944332,-0.00323877366252678,-0.004907135509278445,-0.0007974324019170264,0.0078949589735308,0.008189185765590658,0.0,0.0
1.1474916387959866,0.06743894743752821,-0.020266923410421692,0.0016872266140558227,0.019052989801338766,0.012960998033554485,-0.0031614929528324402,0.013097125446513945,-0.008511835157548626,-0.0033256971882534804,-0.005000818485722667,-0.0006672058844227971,0.007994490278633755,0.008464604313212673,0.0,0.0
1.1521739130434783,0.06906972086063083,-0.02123036657595703,0.0015769137635977789,0.01992255578612603,0.01289725226761398,-0.003364030999994357,0.013142701553649837,-0.00911850849977603,-0.003415561868736358,-0.005099277421726632,-0.0005313330536616799,0.008101539051748485,0.00875578921445671,0.0,0.0
1.1568561872909697,0.07087263459475766,-0.02226120694229152,0.001449051701944167,0.020827062756641482,0.012850873842082864,-0.0035883366904297096,0.013178932881423997,-0.00977457401186669,-0.0035081040210091525,-0.005202473426554488,-0.00038960229092044915,0.008216789372941883,0.009063484188695351,0.0,0.0
1.1615384615384614,0.07285686222065298,-0.023362312205000728,0.00130349525483058,0.021771419145600022,0.012821990707747595,-0.0038353762446606257,0.013204136755655238,-0.01048462043173715,-0.0036029725805198564,-0.0053103118369802705,-0.00024186715546942498,0.008341031487058607,0.009388395138142276,0.0,0.0
1.166220735785953,0.07503218413425537,-0.02453665001003952,0.0011399546133914553,0.022760985574609115,0.012810807957450265,-0.004106164428661308,0.013216355191426225,-0.01125362476154189,-0.003699712467772249,-0.0054226282576043455,-8.806905570223457e-05,0.00847518000499055,0.00973116442841524,0.0,0.0
1.1709030100334448,0.07740891818629884,-0.025787204076360346,0.0009580300245215236,0.023801658897852178,0.012817607428391324,-0.004401738282978677,0.013213333990022343,-0.012086946058749382,-0.0037977461303509855,-0.0055391722925722245,7.173491346834562e-05,0.008620295051547436,0.01009233845849188,0.0,0.0
1.1755852842809364,0.07999782901639307,-0.027116874327905105,0.0007572510298332299,0.02489996778011246,0.012842748253048791,-0.004723123148167508,0.01319250366868829,-0.012990304981591117,-0.003896353530692848,-0.005659588838246644,0.00023733822277756183,0.008777606610539494,0.010472327342026815,0.0,0.0
1.1802675585284281,0.08281001229852897,-0.0285283580970068,0.000537122652400445,0.026063181522563386,0.012886668465623708,-0.005071289294147902,0.013150964362699517,-0.013969743639300057,-0.003994651121484458,-0.00578339691537879,0.0004083445673280532,0.00894854220899686,0.010871355486056784,0.0,0.0
1.1849498327759196,0.0858567509804787,-0.030024009982315247,0.00029718113254136513,0.027299433740787884,0.012949887849071013,-0.0054470973593168225,0.013085477537402454,-0.015031559025975626,-0.004091570732441062,-0.005909966190820404,0.0005841204146761285,0.009134757887318485,0.011289401903692129,0.0,0.0
1.1896321070234113,0.08914934218113195,-0.03160567890626852,3.7061993162908376e-05,0.028617862172567045,0.013033012292035087,-0.005851230818481063,0.01299246817144601,-0.01618220191422942,-0.00418583981055962,-0.006038491591104692,0.0007637402448126256,0.009338172082047999,0.01172612928009343,0.0,0.0
1.194314381270903,0.09269889596054413,-0.03327452249333247,-0.00024341668963729626,0.03002876521621226,0.013136740007652744,-0.006284113896704718,0.012868041992710763,-0.01742813162620582,-0.004275965134853892,-0.006167966761778829,0.0009459248198673614,0.009561001552584773,0.012180801182099282,0.0,0.0
1.1989966555183946,0.09651611093961972,-0.035030801264451315,-0.0005441530092447576,0.031543774583599304,0.01326187003007066,-0.006745813817842736,0.012708023300818652,-0.018775615711705253,-0.004360222981961298,-0.0062971575922930465,0.001128973644845093,0.009805797748974535,0.012652187425148075,0.0,0.0
1.2036789297658863,0.10061103687654689,-0.03687365847635592,-0.0008646394995475933,0.03317604142777175,0.013409313417535013,-0.007235927126127768,0.01250801977866442,-0.020230462435037913,-0.004436659748750543,-0.0064245776123417735,0.0013106939704735556,0.01007548096820641,0.013138458550440876,0.0,0.0
1.2083612040133778,0.10499284074742983,-0.038800895805730234,-0.0012038192885225735,0.03494043010382729,0.013580107498352643,-0.007753451155463305,0.012263521297221407,-0.021797673359597515,-0.004503108208087186,-0.006548467759563983,0.0014883303178610979,0.010373368193088636,0.013637071670126004,0.0,0.0
1.2130434782608694,0.10966960015612216,-0.04080876039211278,-0.0015599198310182342,0.03685370884637652,0.013775433210943166,-0.008296643635644028,0.011970039791487086,-0.023481003533518285,-0.004557225800173126,-0.00666678377857294,0.0016585006203292633,0.010703188556617548,0.014144651621041312,0.0,0.0
1.2177257525083611,0.11464815484368442,-0.042891764609101206,-0.0019302660265929283,0.038934719443377584,0.013996634981325693,-0.008862875956405664,0.011623296491283245,-0.025282418153605386,-0.004596562489788852,-0.006777195252640846,0.0018171476767835845,0.01106907783514989,0.01465687337199254,0.0,0.0
1.2224080267558528,0.11993405146307032,-0.04504256546476642,-0.0023110775204066656,0.04120449761886114,0.014245241466535885,-0.009448488694850562,0.011219460734318152,-0.02720143740432991,-0.004618666505038926,-0.006877100852413929,0.001959517602340559,0.01147554017347878,0.015168353793861816,0.0,0.0
1.2270903010033445,0.12553161498888646,-0.04725193424436183,-0.002697258926201469,0.043686301273651244,0.014522983626254602,-0.010048661422286938,0.010755440879865729,-0.029234365576126367,-0.004621236370501858,-0.006963664611297538,0.002080180129240495,0.011927361351583031,0.015672562925862953,0.0,0.0
1.231772575250836,0.13144416679837936,-0.04950884666904579,-0.003082196548747765,0.04640548375869797,0.014831803667252919,-0.010657312097507128,0.010229222196214867,-0.03137340645317614,-0.0046023266158841366,-0.007033877655454285,0.0021731085816406467,0.012429453352359706,0.016161766306505888,0.0,0.0
1.2364548494983276,0.13767437753573344,-0.05180071652090588,-0.0034575807149651015,0.04938912265267404,0.015173844106042757,-0.011267043838046152,0.009640238983533183,-0.03360567390744836,-0.004560611873236815,-0.0070846485639369065,0.002231839583601446,0.012986604928005026,0.016627010228550666,0.0,0.0
1.2411371237458193,0.1442246841733638,-0.05411377805030312,-0.003813278698515175,0.05266527989125201,0.015551400216922891,-0.011869157658253079,0.008989759003071675,-0.035912114021189254,-0.004495709254618082,-0.007112923200414115,0.0022497333835802035,0.013603107614113878,0.017058160386245413,0.0,0.0
1.245819397993311,0.15109760741413575,-0.05643359151657166,-0.004137289024679445,0.056261726017997456,0.015966811333639218,-0.012453747959475535,0.008281248443492626,-0.03826636248806253,-0.004408551472362302,-0.00711583138257793,0.0022203543390678575,0.014282221836682336,0.01744400102864361,0.0,0.0
1.2505016722408027,0.15829567322254315,-0.05874560039097025,-0.004415813347898334,0.06020391107490468,0.01642225708638248,-0.013009892504119195,0.0075206766389386975,-0.0406335692759239,-0.00430179278919433,-0.007090853341826345,0.00213798684638066,0.015025444592961153,0.017772396731444873,0.0,0.0
1.2551839464882943,0.16582047434919964,-0.061035609719205026,-0.004633487073284603,0.06451191258718822,0.016919414660502518,-0.01352594032235626,0.0067167133661109706,-0.04296923501745967,-0.004180216353370829,-0.007035994125926933,0.001998294068981704,0.015831540905963042,0.0180305135488828,0.0,0.0
1.2598662207357858,0.17367022292035364,-0.06328998980862639,-0.004773814783455281,0.06919605077946242,0.01745892487985647,-0.0139898905788641,0.005880769467982137,-0.045218128373718296,-0.004051094642923415,-0.006949949815614712,0.0017991142810727698,0.016695309972360187,0.01820509314569141,0.0,0.0
1.2645484949832775,0.18183498748431173,-0.06549535227812053,-0.0048198616813889825,0.07425086096243698,0.01803961290280456,-0.01438984521587041,0.00502683473671784,-0.04731340483366515,-0.003924434518805948,-0.006832246790484374,0.0015413709319702833,0.01760608081520258,0.01828277619038428,0.0,0.0
1.2692307692307692,0.19028875970435355,-0.06763742103879393,-0.00475525680743062,0.07964720504397123,0.01865742151800553,-0.014714511495339632,0.004171075248265987,-0.04917614456726975,-0.003813015029061471,-0.006683335363697108,0.0012300447792942502,0.01854598271590673,0.0182504837075098,0.0,0.0
1.2739130434782608,0.19897769148515376,-0.06969886509924308,-0.004565563226541789,0.08532257214328265,0.019304053762584827,-0.014953730622965802,0.003331164575248402,-0.050715688671787065,-0.003732101420307627,-0.00650462255588158,0.0008751151044509888,0.01948812832826609,0.018095889360752265,0.0,0.0
1.2785953177257525,0.20780447289663886,-0.07165602011201226,-0.004240053130912157,0.09117017497167675,0.019965403039642657,-0.01509901677707669,0.0025253388574465276,-0.05183138103158516,-0.003698698894276496,-0.006298435479410931,0.0004923171248233096,0.020394998007454306,0.01780804873020337,0.0,0.0
1.283277591973244,0.21661009901845418,-0.0734747499492554,-0.003773870554713357,0.09702840083089036,0.020619988207061846,-0.015144104157597425,0.0017711868136549474,-0.05241657177193122,-0.0037302092909667016,-0.006067915735714319,0.0001034836115531403,0.02121752630025545,0.01737828088915781,0.0,0.0
1.2879598662207357,0.22515632318097922,-0.07510621139052197,-0.0031704427329293846,0.10267352745578161,0.021237808607572167,-0.01508550902209073,0.001084219856962154,-0.05236587594422318,-0.003842400707378235,-0.005816854642422533,-0.00026384560188116423,0.02189563254810762,0.016801396987583303,0.0,0.0
1.2926421404682273,0.23311470040070165,-0.07648392518689003,-0.002443792856828105,0.10782008601539297,0.021780250019606935,-0.014923104346822879,0.0004763262194780321,-0.05158646339643352,-0.0040467322646388516,-0.00554948699891614,-0.0005779090904290251,0.022361102320066373,0.016077302689437082,0.0,0.0
1.297324414715719,0.24007038388511762,-0.07752410520082466,-0.0016201341707985824,0.11213408029440425,0.02220179794661129,-0.01466066226249502,-4.5696154712918276e-05,-0.05001327385276953,-0.004347323378743567,-0.005270265812307233,-0.0008055958932148381,0.02254361761437778,0.015212833067191647,0.0,0.0
1.3020066889632107,0.24554895388346681,-0.0781312301259414,-0.0007378964555693045,0.11526318512101127,0.0224541684296948,-0.014306242966347462,-0.0004812250070064311,-0.04762633138671155,-0.004738196011765261,-0.004983641131041231,-0.0009167110610871707,0.022380109568675966,0.014223417206470678,0.0,0.0
1.3066889632107024,0.2490703487284588,-0.07820985325923147,0.000154641953526451,0.11688383005579024,0.02249287270721903,-0.013872228114508974,-0.0008361445612107546,-0.04446609540627276,-0.0052017207252110596,-0.004693863093993813,-0.0008891078272624652,0.021826359010371457,0.013133908728596575,0.0,0.0
1.311371237458194,0.25022455421747,-0.07768144148103101,0.0010044532212227049,0.11675784474559579,0.02228520271025288,-0.013374775938735785,-0.0011221071930045071,-0.04064113206757007,-0.005709224951687,-0.0044048235827074,-0.0007135144533332478,0.020868198182508,0.011977846746972954,0.0,0.0
1.3160535117056855,0.2487517798497745,-0.07650225575961056,0.0017609530278132777,0.11478386196954159,0.021817548009477238,-0.012832581664533754,-0.0013546649776867755,-0.036322913078706935,-0.006224251781121774,-0.004119943979478052,-0.00039648601347027496,0.019528614688098102,0.010794722723760785,0.0,0.0
1.3207357859531772,0.24460208926596935,-0.07467649339206527,0.0023835731359576106,0.11102589399690771,0.02109953643041515,-0.012265064261169613,-0.0015506111888019527,-0.03172616201731221,-0.006708019063426695,-0.0038421099512055677,3.98253496887626e-05,0.017867542470891597,0.009625530014721575,0.0,0.0
1.3254180602006689,0.23795271085709688,-0.07225969098553915,0.002847489728014677,0.10570720605710907,0.02016327829233694,-0.01169036400322841,-0.001725224455268866,-0.027078756552240818,-0.007125646374285324,-0.0035736489579632287,0.0005613620615058171,0.015973459432746823,0.008507655639298554,0.0,0.0
1.3301003344481606,0.22917623074219443,-0.06935087674251185,0.0031458144770088177,0.09917032902386143,0.019057791378162457,-0.011123658554728667,-0.0018901796653386597,-0.02258969222884732,-0.007451303277528238,-0.0033163428318303146,0.0011282620737682958,0.013949080236876018,0.007470552865451011,0.0,0.0
1.3347826086956522,0.2187717034788339,-0.06607631718091647,0.003287919360424152,0.09181681849007989,0.01784050723426,-0.010576193050034663,-0.002052606869793047,-0.01842416673718393,-0.007670896063929697,-0.0030714662853115636,0.0017014484229550177,0.011895604268461757,0.006533329622487187,0.0,0.0
1.3394648829431437,0.20728253415308864,-0.06257040559085254,0.0032949671733463145,0.08404589359835252,0.016568567329849525,-0.010055137447655663,-0.002215310862860769,-0.014691230280488191,-0.007781963406577809,-0.002839842247014462,0.0022478637601623577,0.009899940159006027,0.005704588463395617,0.0,0.0
1.3441471571906354,0.19522448250180696,-0.0589590773755265,0.0031944094020712943,0.07620746535682375,0.015292124310143604,-0.009564103545769182,-0.002377782530537953,-0.011444176443411473,-0.007791449725597999,-0.002621905990812744,0.0027433513931997,0.00802741526018549,0.004984052644801437,0.0,0.0
1.348829431438127,0.18303753284968144,-0.055348880056601324,0.0030150248986010675,0.0685762871584394,0.014050626620896239,-0.009104011074644577,-0.0025375026461731736,-0.00868991354962326,-0.007712490056091268,-0.0024177716318696464,0.003173194833280309,0.0063200871546242755,0.00436510478959648,0.0,0.0
1.3535117056856187,0.17106397969358117,-0.0518221786660379,0.0027833773027163148,0.061345690147097426,0.012871887725401833,-0.008674007124952946,-0.002691135256176415,-0.006402312604139262,-0.007561233877884033,-0.002227296312278739,0.0035309906651929297,0.00479914705539189,0.0038374081696144003,0.0,0.0
1.3581939799331104,0.15954736233372552,-0.048437201319249765,0.0025218554432172306,0.054634862623154916,0.011773092942356338,-0.00827224820323315,-0.002835400738036486,-0.004535442842601199,-0.007354325999162276,-0.002050139023509379,0.0038167038649234092,0.0034694235660240524,0.0033890819786749436,0.0,0.0
1.3628762541806019,0.1486441761385775,-0.04523102216549382,0.002248010691720115,0.048502953092348894,0.010762791932051465,-0.007896469647841325,-0.0029675904692607145,-0.0030343714476604535,-0.0071072421348831695,-0.0018858123673632194,0.004034590771360931,0.002324336121595415,0.003008231931555614,0.0,0.0
1.3675585284280936,0.1384411204636039,-0.042223789283246105,0.0019747488027927608,0.04296480740857005,0.009843136978769824,-0.007544347913591708,-0.003085785330907363,-0.001842787945749643,-0.0068333988224424085,-0.0017337265914786843,0.004191394712160731,0.0013502922309194352,0.0026838668951477207,0.0,0.0
1.3722408026755852,0.12897292508100963,-0.03942304561068634,0.0017109698050640876,0.03800525943496572,0.009011924789290556,-0.007213699660854922,-0.0031888735664752955,-0.0009077002184418692,-0.006543838102469803,-0.001593225961285928,0.004294973327485827,0.0005301069310133949,0.002406339465772806,0.0,0.0
1.376923076923077,0.12023807660872782,-0.03682752545618602,0.0014623635570218292,0.03359064799813453,0.008264248765077387,-0.006902569454197427,-0.0032764561710856566,-0.00018186880646506916,-0.006247276824724816,-0.0014636179927852923,0.004353359355802264,-0.00015459339392111964,0.0021674678283496894,0.0,0.0
1.3816053511705686,0.11221142868014121,-0.03443019668823487,0.001232186348210596,0.029677352577950747,0.007593728878032115,-0.006609250214811509,-0.0033487046737242423,0.0003753001186779354,-0.005950351232290524,-0.0013441963270151354,0.0043741816771657605,-0.0007218304203304841,0.0019604714028295415,0.0,0.0
1.38628762541806,0.1048536596465508,-0.03222054607282377,0.001021933871271597,0.02621770493116398,0.006993367766677817,-0.0063322681904549516,-0.0034062118737141233,0.0007978016069799059,-0.005657940492717749,-0.0012342581341704883,0.004364353049274491,-0.0011883855717046883,0.001779814931690589,0.0,0.0
1.3909698996655517,0.0981180040732659,-0.03018621175197445,0.0008318831881897106,0.02316383058843717,0.006456110647901237,-0.006070352708859322,-0.003449857068516689,0.0011135827195547397,-0.005373498947344909,-0.0011331169419057576,0.00432993878862172,-0.0015693645619696973,0.0016210209115439457,0.0,0.0
1.3956521739130434,0.09195482775823756,-0.02831409921221098,0.0006615075031420879,0.020469971912801095,0.005975187026719297,-0.005822402322314062,-0.0034806946622739495,0.0013453118869895348,-0.005099360232149127,-0.0010401117270374533,0.004276138875124737,-0.0018780544466750664,0.0014804841850241585,0.0,0.0
1.400334448160535,0.08631459479688823,-0.026591111329865417,0.0005097814558495781,0.018093757334089917,0.00554430024065741,-0.005587453206709327,-0.003499867665222202,0.0015111960943703351,-0.004836997821254609,-0.0009546130211256888,0.004207335083248954,-0.0021259560878423202,0.0013553052056052336,0.0,0.0
1.4050167224080268,0.0811496867373634,-0.025004601866286297,0.0003753985811172063,0.015996773419078014,0.0051577157574327955,-0.005364652222660544,-0.0035085438639469884,0.0016257535918905329,-0.00458723889321641,-0.0008760266779299307,0.004127170793575607,-0.002322912193422154,0.0012431480736467292,0.0,0.0
1.4096989966555185,0.07641543076543439,-0.02354263732784646,0.00025692151026801384,0.014144697420696142,0.0048102851647865786,-0.005153235156115753,-0.0035078709544820756,0.0017004993801765394,-0.004350434745502433,-0.0008037958472065284,0.004038643154774267,-0.002477279502722449,0.00114212375148933,0.0,0.0
1.41438127090301,0.07207060020371367,-0.022194129959642973,0.00015288238086634976,0.012507168242860387,0.004497431478592593,-0.004952509739247072,-0.003498946679782167,0.001744529822595652,-0.0041265936541717875,-0.0007374016022754778,0.003944195623887582,-0.0025961137815118172,0.001050696127819333,0.0,0.0
1.4190635451505016,0.06807757463682469,-0.020948886688122417,6.18473509520958e-05,0.011057514214093563,0.004215112908302257,-0.004761842694346041,-0.00348280036224765,0.0017650084760043275,-0.003915482714808999,-0.0006763625821420223,0.0038458044142944126,-0.0026853497492056967,0.0009676075702620365,0.0,0.0
1.4237458193979933,0.06440228922582165,-0.01979760516936105,-1.7544181075428936e-05,0.009772413724637212,0.003959776159717489,-0.004580649979329613,-0.0034603828012491405,0.0017675627677789033,-0.003716704821430509,-0.0006202339342279963,0.0037450558319917938,-0.0027499666810379773,0.0008918204808028882,0.0,0.0
1.428428093645485,0.06101406069478536,-0.018731838126645344,-8.655779881980947e-05,0.008631535746749453,0.0037283061824802317,-0.0044083894866868535,-0.0034325621197541702,0.0017566039385570678,-0.003529756132173517,-0.0005686057809717436,0.003643213541477115,-0.0027941357182990913,0.0008224716734781894,0.0,0.0
1.4331103678929766,0.05788534770893055,-0.017743940084382133,-0.00014635404461076432,0.007617187921955249,0.003517976477915927,-0.004244555571705911,-0.0034001237019924656,0.0017355828994461751,-0.0033540684529063803,-0.0005211013818683506,0.003541275959795905,-0.0028213480129688686,0.0007588368604078736,0.0,0.0
1.437792642140468,0.05499148278239873,-0.016827005690040996,-0.0001979861041596859,0.006713987360684253,0.0033264022625326926,-0.004088674916501094,-0.0033637728320784913,0.001707193630158127,-0.0031890400992070824,-0.00047737512069854284,0.003440024569558976,-0.002834524527305974,0.0007003030217259598,0.0,0.0
1.4424749163879598,0.05231039888495507,-0.015974805459713394,-0.0002424023659758517,0.005908561389555495,0.003151497626093961,-0.003940303353804464,-0.0033241390175459675,0.001673534219935199,-0.0030340580388403147,-0.00043711041434500784,0.003340064193859455,-0.002836109141627053,0.0006463468825917218,0.0,0.0
1.4471571906354515,0.049822364594573995,-0.015181722525577238,-0.0002804519022861192,0.005189280650155541,0.002991437110350941,-0.003799023371774438,-0.0032817812710557222,0.001636234030339367,-0.002888513488046954,-0.0004000176133479026,0.003241856332611616,-0.0028281470448001714,0.0005965181020739434,0.0,0.0
1.4518394648829431,0.04750973552712804,-0.014442692467447536,-0.00031289154697835414,0.004546024128073172,0.0028446217121570346,-0.003664442097724005,-0.00323719384199092,0.0015965539381134232,-0.002751812629407501,-0.00036583194394449397,0.0031457466110731917,-0.002812350413776093,0.0005504260908052107,0.0,0.0
1.4565217391304348,0.04535672583918096,-0.013753147334791065,-0.0003403936898696762,0.003969974146853506,0.002709649078879304,-0.0035361896170151928,-0.003190812051497488,0.0015554652818740783,-0.002623383720886098,-0.0003343115256598904,0.0030519872917804773,-0.0027901532677089983,0.0005077296229002398,0.0,0.0
1.4612040133779265,0.04334920112873096,-0.013108964341434805,-0.0003635542163069323,0.0034534386167451546,0.002585287545502147,-0.003413917526640158,-0.0031430180024923766,0.0015137120105320635,-0.002502681556522176,-0.000305235486616614,0.0029607556826960193,-0.0027627571909707807,0.0004681286022009913,0.0,0.0
1.465886287625418,0.041474492558664214,-0.012506419326283444,-0.0003829002348374065,0.0029896975679156615,0.0024704536161266333,-0.003297297654443041,-0.0030941460208452854,0.001471859605030108,-0.002389190001621722,-0.0002784021898179363,0.0028721691547907826,-0.002731169405131317,0.0004313574934058568,0.0,0.0
1.4705685618729096,0.039721231163259534,-0.011942144840119797,-0.0003988973813968419,0.0025728710197207446,0.002364192488306352,-0.0031860208973561377,-0.003044487743788406,0.001430333595581057,-0.002282423143987915,-0.00025362757708305124,0.0027862973707152064,-0.002696234458868139,0.0003971800441249563,0.0,0.0
1.4752508361204013,0.03807920084342136,-0.011413092587107446,-0.0004119565863735647,0.002197805413559028,0.002265661238113076,-0.0030797961477444513,-0.002994296813174025,0.0013894498972250528,-0.0021819254651242095,-0.00023074363254541765,0.0027031722267457318,-0.0026586606099746565,0.00036538501206722545,0.0,0.0
1.479933110367893,0.03653920836057683,-0.010916499883709917,-0.00042244025550232703,0.001859976087435362,0.002174114315297426,-0.002978349287786654,-0.0029437931594586244,0.0013494387109439685,-0.002087271331333431,-0.00020959696424848522,0.0026227959240229925,-0.0026190418007600038,0.0003357826786609631,0.0,0.0
1.4846153846153847,0.0350929686025928,-0.01044985977320233,-0.00043066785710250965,0.0015554035476860323,0.0020888910342651014,-0.002881422239149133,-0.002893166880972138,0.0013104633622452017,-0.0019980640262767645,-0.0001900475000527855,0.002545147511866727,-0.002577875978489747,0.000308201981391684,0.0,0.0
1.4892976588628761,0.033733003452333564,-0.0100108944347629,-0.00043692093395666714,0.0012805815695779723,0.0020094047836192964,-0.002788772060060807,-0.0028425817348924198,0.001272635153986392,-0.0019139344876830926,-0.00017196729254369443,0.0024701881845371914,-0.002535580385131593,0.0002824881358645826,0.0,0.0
1.4939799331103678,0.03245255269837446,-0.00959753154178891,-0.00044144757321300373,0.0010324154185171238,0.0019351337123693908,-0.002700170085022815,-0.002792178263411659,0.001236025078655507,-0.0018345398667779789,-0.00015523942669689347,0.0023978655617863547,-0.0024925043334731436,0.00025850064802871104,0.0,0.0
1.4986622073578595,0.03124549556106976,-0.00920788324777451,-0.0004444663756353825,0.0008081687200272618,0.0018656126833748183,-0.0026154011043319145,-0.002742076582325835,0.0012006730538825514,-0.0017595619960199872,-0.0001397570235613394,0.0023281171414275366,-0.0024489398971887823,0.0002361116393970169,0.0,0.0
1.5033444816053512,0.03010628154896703,-0.008840227505473001,-0.00044616996877343534,0.0006054177168263226,0.0018004263136837332,-0.0025342625817464264,-0.0026923788607621,0.0011665952028697842,-0.00168870582614588,-0.00012542233303692823,0.0022608730775566,-0.00240513086813777,0.00021520442517627644,0.0,0.0
1.5080267558528428,0.0290298695004614,-0.008492991453439945,-0.00044672810887454195,0.00042201183528952876,0.001739202947056296,-0.002456563909250837,-0.0026431715207431645,0.0011337895901512747,-0.0016216978752582635,-0.0001121459088641906,0.0021960584097328855,-0.002361280272728066,0.00019567229827983598,0.0,0.0
1.5127090301003343,0.028011673797898855,-0.008164736631784544,-0.00044629041476239415,0.00025603964288462694,0.001681609426281215,-0.002382125698168612,-0.0025945271843109503,0.0011022407359091006,-0.0015582847191694285,-9.984585913682511e-05,0.0021335948452896733,-0.0023175566884835923,0.0001774174822117881,0.0,0.0
1.517391304347826,0.02704751686314725,-0.00785414581512094,-0.00044498877424318573,0.00010579941505060918,0.0016273465521701128,-0.0023107791059613714,-0.002546506394372962,0.0010719231637136414,-0.0014982315422594396,-8.844716594278206e-05,0.0020734021780703235,-0.002274099560187972,0.00016035022352036028,0.0,0.0
1.5220735785953177,0.0261335871537689,-0.00756001127483448,-0.00044293946038907695,-3.022635301583548e-05,0.0015761451326650223,-0.002242365198023439,-0.002499159133556428,0.0010428041829017405,-0.0014413207608224292,-7.788106809737361e-05,0.0020153994115051452,-0.002231023680596645,0.0001443880004757276,0.0,0.0
1.5267558528428093,0.02526640197721302,-0.00728122430467175,-0.000440244991628881,-0.0001533930545917718,0.0015277625396471516,-0.0021767343436909477,-0.0024525261633360266,0.001014846064645153,-0.001387350725590145,-6.8084501324297e-05,0.001959505641414561,-0.0021884229724111557,0.00012945482925142597,0.0,0.0
1.531438127090301,0.02444277452738417,-0.007016765863315871,-0.0004369957661634952,-0.00026491318001216563,0.0014819797031034242,-0.002113745645570923,-0.0024066402036604304,0.0009880077375881782,-0.001336134506330105,-5.8999590647127144e-05,0.0019056407437185903,-0.0021463736849112475,0.00011548065249453502,0.0,0.0
1.5361204013377925,0.02365978462434352,-0.006765698205109865,-0.00043327149795033856,-0.0003658730342265638,0.0014385984825792432,-0.0020532664011803864,-0.002361526971317888,0.0009622461027955,-0.0012874987587360785,-5.0573190160339256e-05,0.0018537259039186358,-0.002104937099446807,0.00010240079799614453,0.0,0.0
1.5408026755852842,0.022914752704730236,-0.006527157385588504,-0.00042914247844181674,-0.0004572473112085644,0.0013974393645793078,-0.001995171595781832,-0.0023172060933990407,0.0009375170471274701,-0.0012412826719748074,-4.275646574533356e-05,0.0018036840184422007,-0.0020641618221652076,9.015549740103092e-05,0.0,0.0
1.5454849498327758,0.02220521666875434,-0.006300346542146505,-0.00042467068545500367,-0.000539911821675744,0.001358339441999934,-0.001939343425215845,-0.002273691910462757,0.0009137762178634335,-0.0011973369940091985,-3.550451667660585e-05,0.0017554399924167442,-0.0020240857292850535,7.868945666059633e-05,0.0,0.0
1.5501672240802675,0.021528911240292246,-0.006084529862189386,-0.0004199107580062731,-0.0006146546270439334,0.0013211506379825395,-0.0018856708474670138,-0.002230994182400881,0.0008909796084978534,-0.0011555231310230517,-2.877603242204335e-05,0.001708920953932117,-0.0019847376194289733,6.795147134046656e-05,0.0,0.0
1.5548494983277592,0.020883749540632032,-0.005879027161661034,-0.00041491085366265716,-0.0006821857956704109,0.0012857381419383172,-0.0018340491616556983,-0.0021891187085333118,0.000869083995414692,-0.0011157123168043146,-2.2532981276994116e-05,0.0016640564011717646,-0.0019461386185902895,5.789408102297366e-05,0.0,0.0
1.5595317725752509,0.02026780661460966,-0.005683209006086983,-0.0004097134029294996,-0.000743145966197471,0.0012519790300529296,-0.0017843796131243252,-0.002148067872143158,0.0008480472570363862,-0.0010777848477119614,-1.6740327783226006e-05,0.001620778295787544,-0.0019083033758996427,4.847325795599667e-05,0.0,0.0
1.5642140468227423,0.019679304681003523,-0.005496492314369042,-0.00040435577339394905,-0.000798113876309348,0.0012197610464603121,-0.0017365690232805913,-0.002107841118475881,0.0008278286006002266,-0.0010416293787878837,-1.1365776171070596e-05,0.0015790211134361328,-0.0018712410822065229,3.964812584001092e-05,0.0,0.0
1.568896321070234,0.019116599907784547,-0.0053183363926554705,-0.0003988708547565241,-0.0008476129927194563,0.001188981524580719,-0.0016905294428685826,-0.0020684353741674344,0.0008083887165891235,-0.0010071422766291293,-6.379537326484449e-06,0.0015387218603853798,-0.001834956338375607,3.1380705250613023e-05,0.0,0.0
1.5735785953177257,0.018578170537743657,-0.005148239351817553,-0.0003932875744874747,-0.000892117359083845,0.0011595464309380502,-0.0016461778273602714,-0.002029845415124528,0.0007896898767611011,-0.0009742270247699059,-1.7541170254208577e-06,0.0014998200634543505,-0.0017994498959372955,2.3635682692220395e-05,0.0,0.0
1.5782608695652174,0.018062606211646466,-0.00498573486749728,-0.0003876313526211027,-0.000932056762265551,0.0011313695161796766,-0.001603435733191036,-0.0019920641890445396,0.0007716959884668804,-0.0009427936775090248,2.5358766030015777e-06,0.0014622577392036482,-0.001764719289176954,1.638020069155634e-05,0.0,0.0
1.582943143812709,0.017568598354852846,-0.004830389246453061,-0.00038192450313023817,-0.0009678213035082643,0.0011043715600814014,-0.0015622290336023013,-0.0019550830980233757,0.0007543726153475145,-0.0009127583583369733,6.5139082240814505e-06,0.0014259793471892658,-0.0017307593747766057,9.583666683929707e-06,0.0,0.0
1.5876254180602005,0.01709493150966491,-0.004681798767103602,-0.0003761865883870259,-0.0009997654492459509,0.0010784796990836864,-0.0015224876528994727,-0.0019188922460465488,0.0007376869724296472,-0.0008840427993523727,1.020167471520383e-05,0.0013909317311886762,-0.0016975627926357293,3.217578734300954e-06,0.0,0.0
1.5923076923076922,0.016640475509872257,-0.004539587265832029,-0.0003704347323988449,-0.0010282116261634954,0.001053626826417592,-0.0014841453179827754,-0.0018834806555827986,0.0007216079019782214,-0.0008565739182999621,1.3619250349908779e-05,0.001357064051566378,-0.001665120359412234,-2.744633620833806e-06,0.0,0.0
1.5969899665551839,0.016204178406334094,-0.004403403943827477,-0.0003646838977950103,-0.0010534534164697512,0.0010297510561777673,-0.0014471393260608494,-0.001848836456992348,0.0007061058351412724,-0.0008302834301037827,1.6785219097499223e-05,0.001324327711338296,-0.0016334214045730987,-8.327754917429923e-06,0.0,0.0
1.6016722408026756,0.015785060063221917,-0.004272921372066446,-0.00035894713091785455,-0.001075758401926951,0.0010067952438169475,-0.0014114103275105995,-0.0018149470540151876,0.0006911527433614994,-0.000805107490004786,1.9716795254557094e-05,0.0012926762779958574,-0.0016024540572702256,-1.3554917023390965e-05,0.0,0.0
1.6063545150501672,0.015382206353961148,-0.004147833674522221,-0.0003532357788292803,-0.001095370698812883,0.0009847065564988857,-0.001376902122901264,-0.0017817992682121347,0.0006767220826818379,-0.0007809863656383418,2.2429933505085398e-05,0.0012620654027421813,-0.001572205491115281,-1.8447721291124154e-05,0.0,0.0
1.611036789297659,0.014994763894135838,-0.004027854871879136,-0.00034755968157083005,-0.001112513220517569,0.0009634360875769067,-0.001343561473254735,-0.001749379464885902,0.000662788733394465,-0.000757864135601727,2.49394293982647e-05,0.0012324527384579473,-0.00154266213287895,-2.3026350649447513e-05,0.0,0.0
1.6157190635451504,0.014621935255819401,-0.003912717369958274,-0.0003419273426027499,-0.0011273896997619516,0.0009429385101828229,-0.0013113379226675464,-0.0017176736627060206,0.0006493289369411105,-0.0007356884122636022,2.7259011135810154e-05,0.0012037978574405308,-0.001513809840253982,-2.7309672567273676e-05,0.0,0.0
1.620401337792642,0.014262974614099993,-0.003802170578763935,-0.0003363460799875004,-0.0011401864983602316,0.0009231717655318599,-0.0012801836324719377,-0.0016866676289945355,0.0006363202315399557,-0.0007144100867559427,2.940142347368703e-05,0.001176062169735699,-0.001485634053071068,-3.1315333722298786e-05,0.0,0.0
1.6250836120401337,0.013917183782102016,-0.0036959796495649937,-0.0003308221605691203,-0.0011510742289356252,0.0009040967820874808,-0.0012500532261638274,-0.0016563469623951342,0.0006237413876694698,-0.0006939830942640547,3.137850446442402e-05,0.001149208842698086,-0.001458119921720538,-3.505984712112611e-05,0.0,0.0
1.6297658862876254,0.013583908595663337,-0.0035939243187558543,-0.0003253609191255298,-0.001160209209961043,0.0008856772221971954,-0.001220903644373902,-0.0016266971644422023,0.0006115723442646871,-0.000674364197892104,3.320125569568649e-05,0.0011232027222671237,-0.001431252415992519,-3.855867234104596e-05,0.0,0.0
1.634448160535117,0.013262535613102401,-0.0034957978484204772,-0.0003199668642312846,-0.001167734772863914,0.0008678792532167077,-0.0011926940092044475,-0.0015977037013654187,0.0005997941462631052,-0.0006555127895307999,3.4879906617267875e-05,0.0010980102563236027,-0.0014050164170889487,-4.1826289496503933e-05,0.0,0.0
1.6391304347826086,0.012952489099272232,-0.0034014060545675784,-0.0003146437723588928,-0.0011737824376501004,0.0008506713404933944,-0.001165385497298639,-0.0015693520573062218,0.0005883888839642777,-0.000637390706290853,3.642397349154191e-05,0.0010735994203931825,-0.0013793967951694968,-4.487626747387227e-05,0.0,0.0
1.6438127090301002,0.012653228266417462,-0.003310566414932597,-0.00030939477156362527,-0.0011784729715168887,0.000834024059888589,-0.0011389412210508956,-0.0015416277799826616,0.0005773396345304259,-0.0006199620611914335,3.7842313451047576e-05,0.0010499396458833322,-0.0013543784744599586,-4.772132692545939e-05,0.0,0.0
1.648494983277592,0.012364244747280526,-0.0032231072490659955,-0.00030422241593648826,-0.0011819173431973213,0.0008179099277875023,-0.0011133261174064712,-0.0015145165197160428,0.0005666304058478702,-0.0006031930869077496,3.914317410064224e-05,0.001027001750975681,-0.0013299464876667848,-5.037339846682338e-05,0.0,0.0
1.6531772575250836,0.012085060278493537,-0.0031388669641605007,-0.00029912875186962365,-0.001184217584272437,0.0008023032467811722,-0.0010885068437357544,-0.0014880040626245427,0.0005562460828849015,-0.000587051991486812,4.0334239060055575e-05,0.00100475787424412,-0.0013060860211979016,-5.2843676479652686e-05,0.0,0.0
1.6578595317725753,0.011815224574585748,-0.003057693360722848,-0.0002941153770553647,-0.0011854675673735311,0.0007871799654111761,-0.0010644516803038743,-0.0014620763586937337,0.0005461723766163624,-0.0005715088250362362,4.1422669805216083e-05,0.0009831814110277568,-0.001282782452481526,-5.5142668885130764e-05,0.0,0.0
1.6625418060200667,0.011554313374968692,-0.002979442992777623,-0.00028918349303228247,-0.0011857537100477802,0.0007725175505488342,-0.0010411304388890758,-0.001436719545350097,0.0005363957755348433,-0.0005565353564782273,4.241514413298584e-05,0.0009622469525552457,-0.001260021380496045,-5.72802432192562e-05,0.0,0.0
1.6672240802675584,0.0113019266480648,-0.0029039805778103838,-0.0002843339519968208,-0.0011851556120548454,0.0007582948711395371,-0.0010185143771342087,-0.0014119199670897553,0.000526903499730024,-0.0005421049595404043,4.331789154355077e-05,0.0009419302277914258,-0.0012377886504707173,-5.926566931153596e-05,0.0,0.0
1.67190635451505,0.011057686938348011,-0.002831178452121613,-0.00027956729851592383,-0.0011837466329806734,0.0007444920921826657,-0.0009965761182445152,-0.0013876641916496393,0.0005176834574889626,-0.0005281925072275597,4.413672580730527e-05,0.0009222080479574812,-0.0012160703735853314,-6.110765884147977e-05,0.0,0.0
1.6765886287625418,0.010821237843490247,-0.0027609160676781916,-0.000274883806702903,-0.0011815944162808952,0.0007310905779406819,-0.0009752895756717828,-0.001363939023150945,0.0005087242043488809,-0.0005147742740842855,4.487707495838441e-05,0.0009030582536607165,-0.0011948529423837055,-6.281440202302263e-05,0.0,0.0
1.6812709030100335,0.010592242610077837,-0.0026930795269212516,-0.00027028351335447076,-0.0011787613651863121,0.0007180728034795506,-0.0009546298824501183,-0.0013407315125942433,0.0005000149045190045,-0.0005018278456184258,4.554400893468743e-05,0.0008844596645589276,-0.0011741230425185174,-6.439360164503885e-05,0.0,0.0
1.685953177257525,0.010370382837494006,-0.0026275611523224208,-0.0002657662474901539,-0.001175305075304383,0.0007054222737385313,-0.0009345733248719637,-0.001318028966040993,0.0004915452945775165,-0.0004893320343097884,4.614226506414337e-05,0.0008663920314762113,-0.0011538676613609493,-6.585250467630761e-05,0.0,0.0
1.6906354515050166,0.010155357280574746,-0.0025642590877798764,-0.00026133165668542263,-0.0011712787282233388,0.0006931234494121732,-0.0009150972802147989,-0.001295818950776933,0.00048330564934319505,-0.00047726680167822853,4.6676271578781495e-05,0.0008488359908815791,-0.0011340740939362807,-6.719793162536947e-05,0.0,0.0
1.6953177257525083,0.00994688074254898,-0.002503076929214306,-0.00025697923054581557,-0.0011667314499601087,0.0006811616790023928,-0.0008961801582492465,-0.001274089299718096,0.00047528674981753836,-0.00046561318593032314,4.715016932176639e-05,0.0008317730216382279,-0.0011147299465840365,-6.843630382946295e-05,0.0,0.0
1.7,0.009744683050582306,-0.002443923381966501,-0.00025270832163046985,-0.001161708637682265,0.0006695231364650435,-0.0008778013462781556,-0.0012528281142895484,0.00046747985309179607,-0.00045435323474494056,4.756783179771547e-05,0.000815185403929504,-0.0010958231386873347,-6.957366883202283e-05,0.0,0.0
